,Name,Position,Year,Rank,Standard Pts,Pass_Att,Pass_Cmp,Pass_Yds,Pass_TD,Int,Pass_2Pt,Rush_Att,Rush_Yds,Rush_TD,Rush_2Pt,Rec,Rec_Yds,Rec_TD,Rec_2Pt,FL,FL_TD,Half PPR Pts,PPR Pts,XPA,XPM,FGA,FGM,50_Plus,DST_Sack,DST_Int,DST_Saf,DST_FR,DST_Blk,DST_TD,DST_PA,DST_Pass_Yds,DST_Rush_Yds,DST_Tot_Yds,Team
0,Patrick Mahomes,QB,2022,1,482.0,648,435,5250,41,12,2,61,358,4,1,1,6,0,0,0,0,482.5,483.0,0,0,0,0,0,0,0,0,0,0,0,0,0,0,0,KC
1,Josh Allen,QB,2022,2,455.0,567,359,4283,35,14,1,124,762,7,1,0,0,0,0,5,0,455.0,455.0,0,0,0,0,0,0,0,0,0,0,0,0,0,0,0,BUF
2,Jalen Hurts,QB,2022,3,412.0,460,306,3701,22,6,0,165,760,13,2,0,0,0,0,2,0,412.0,412.0,0,0,0,0,0,0,0,0,0,0,0,0,0,0,0,PHI
3,Joe Burrow,QB,2022,4,411.0,606,414,4475,35,12,3,75,257,5,0,0,0,0,0,3,0,411.0,411.0,0,0,0,0,0,0,0,0,0,0,0,0,0,0,0,CIN
4,Geno Smith,QB,2022,5,352.0,572,399,4282,30,11,0,68,366,1,0,0,0,0,0,4,0,352.0,352.0,0,0,0,0,0,0,0,0,0,0,0,0,0,0,0,SEA
5,Kirk Cousins,QB,2022,6,343.0,643,424,4547,29,14,3,31,97,2,0,0,0,0,0,3,0,343.0,343.0,0,0,0,0,0,0,0,0,0,0,0,0,0,0,0,MIN
6,Trevor Lawrence,QB,2022,7,341.0,584,387,4113,25,8,3,62,291,5,0,0,0,0,0,9,0,341.0,341.0,0,0,0,0,0,0,0,0,0,0,0,0,0,0,0,JAX
7,Jared Goff,QB,2022,8,334.0,587,382,4438,29,7,1,29,73,0,1,1,5,0,0,4,0,334.5,335.0,0,0,0,0,0,0,0,0,0,0,0,0,0,0,0,DET
8,Justin Herbert,QB,2022,9,320.0,699,477,4739,25,10,1,54,147,0,0,2,-10,0,0,3,0,321.0,322.0,0,0,0,0,0,0,0,0,0,0,0,0,0,0,0,LAC
9,Tom Brady,QB,2022,10,319.0,733,490,4694,25,9,2,29,-1,1,0,0,0,0,0,4,0,319.0,319.0,0,0,0,0,0,0,0,0,0,0,0,0,0,0,0,TB
10,Justin Fields,QB,2022,11,319.0,318,192,2242,17,11,1,160,1143,8,0,0,0,0,0,2,0,319.0,319.0,0,0,0,0,0,0,0,0,0,0,0,0,0,0,0,CHI
11,Daniel Jones,QB,2022,12,308.0,472,317,3205,15,5,2,120,708,7,0,0,0,0,0,3,0,308.0,308.0,0,0,0,0,0,0,0,0,0,0,0,0,0,0,0,NYG
12,Aaron Rodgers,QB,2022,13,286.0,542,350,3695,26,12,2,34,94,1,0,0,0,0,0,4,0,286.0,286.0,0,0,0,0,0,0,0,0,0,0,0,0,0,0,0,GB
13,Tua Tagovailoa,QB,2022,14,272.0,400,259,3548,25,8,0,24,70,0,0,0,0,0,0,1,0,272.0,272.0,0,0,0,0,0,0,0,0,0,0,0,0,0,0,0,MIA
14,Derek Carr,QB,2022,15,258.0,502,305,3522,24,14,0,24,102,0,0,0,0,0,0,0,0,258.0,258.0,0,0,0,0,0,0,0,0,0,0,0,0,0,0,0,LV
15,Lamar Jackson,QB,2022,16,258.0,326,203,2242,17,7,1,112,764,3,0,0,0,0,0,2,0,258.0,258.0,0,0,0,0,0,0,0,0,0,0,0,0,0,0,0,BAL
16,Russell Wilson,QB,2022,17,242.0,483,292,3524,16,11,0,55,277,3,0,1,1,0,0,2,0,242.5,243.0,0,0,0,0,0,0,0,0,0,0,0,0,0,0,0,DEN
17,Dak Prescott,QB,2022,18,238.0,394,261,2860,23,15,0,45,182,1,0,0,0,0,0,1,0,238.0,238.0,0,0,0,0,0,0,0,0,0,0,0,0,0,0,0,DAL
18,Kyler Murray,QB,2022,19,222.0,390,259,2368,14,7,3,67,418,3,1,0,0,0,0,2,0,222.0,222.0,0,0,0,0,0,0,0,0,0,0,0,0,0,0,0,ARI
19,Marcus Mariota,QB,2022,20,218.0,300,184,2219,15,9,2,85,438,4,0,0,0,0,0,3,0,218.0,218.0,0,0,0,0,0,0,0,0,0,0,0,0,0,0,0,ATL
20,Davis Mills,QB,2022,21,208.0,479,292,3118,17,15,1,32,108,2,0,0,0,0,0,3,0,208.0,208.0,0,0,0,0,0,0,0,0,0,0,0,0,0,0,0,HOU
21,Andy Dalton,QB,2022,22,204.0,378,252,2871,18,9,1,30,54,0,0,0,0,0,0,1,0,204.0,204.0,0,0,0,0,0,0,0,0,0,0,0,0,0,0,0,NO
22,Jimmy Garoppolo,QB,2022,23,192.0,308,207,2437,16,4,0,23,33,2,0,0,0,0,0,2,0,192.0,192.0,0,0,0,0,0,0,0,0,0,0,0,0,0,0,0,SF
23,Mac Jones,QB,2022,24,188.0,442,288,2997,14,11,1,47,102,1,0,0,0,0,0,1,0,188.0,188.0,0,0,0,0,0,0,0,0,0,0,0,0,0,0,0,NE
24,Jacoby Brissett,QB,2022,25,187.0,369,236,2608,12,6,0,49,243,2,0,0,0,0,0,4,0,187.0,187.0,0,0,0,0,0,0,0,0,0,0,0,0,0,0,0,CLE
25,Matt Ryan,QB,2022,26,181.0,461,309,3057,14,13,0,27,70,1,0,0,0,0,0,5,0,181.0,181.0,0,0,0,0,0,0,0,0,0,0,0,0,0,0,0,IND
26,Ryan Tannehill,QB,2022,27,179.0,325,212,2536,13,6,1,34,98,2,0,0,0,0,0,2,0,179.0,179.0,0,0,0,0,0,0,0,0,0,0,0,0,0,0,0,TEN
27,Kenny Pickett,QB,2022,28,152.0,389,245,2404,7,9,2,55,237,3,0,0,0,0,0,1,0,152.0,152.0,0,0,0,0,0,0,0,0,0,0,0,0,0,0,0,PIT
28,Taylor Heinicke,QB,2022,29,138.0,259,161,1859,12,6,0,28,96,1,0,0,0,0,0,5,0,138.0,138.0,0,0,0,0,0,0,0,0,0,0,0,0,0,0,0,WAS
29,Baker Mayfield,QB,2022,30,134.0,335,201,2163,10,8,0,31,89,1,0,0,0,0,0,2,0,134.0,134.0,0,0,0,0,0,0,0,0,0,0,0,0,0,0,0,CLE
30,Brock Purdy,QB,2022,31,128.0,170,114,1374,13,4,0,22,13,1,0,0,0,0,0,0,0,128.0,128.0,0,0,0,0,0,0,0,0,0,0,0,0,0,0,0,SF
31,Carson Wentz,QB,2022,32,128.0,276,172,1755,11,9,2,22,86,1,0,0,0,0,0,1,0,128.0,128.0,0,0,0,0,0,0,0,0,0,0,0,0,0,0,0,WAS
32,Matthew Stafford,QB,2022,33,126.0,303,206,2087,10,8,0,13,9,1,0,0,0,0,0,3,0,126.0,126.0,0,0,0,0,0,0,0,0,0,0,0,0,0,0,0,LA
33,Zach Wilson,QB,2022,34,105.0,242,132,1688,6,7,0,28,102,1,0,1,2,1,0,1,0,105.5,106.0,0,0,0,0,0,0,0,0,0,0,0,0,0,0,0,NYJ
34,Sam Darnold,QB,2022,35,98.0,140,82,1143,7,3,0,26,106,2,0,0,0,0,0,2,0,98.0,98.0,0,0,0,0,0,0,0,0,0,0,0,0,0,0,0,CAR
35,Deshaun Watson,QB,2022,36,96.0,170,99,1102,7,5,0,36,175,1,0,0,0,0,0,0,0,96.0,96.0,0,0,0,0,0,0,0,0,0,0,0,0,0,0,0,HOU
36,Mitchell Trubisky,QB,2022,37,75.0,180,117,1252,4,5,1,19,38,2,0,0,0,0,0,0,0,75.0,75.0,0,0,0,0,0,0,0,0,0,0,0,0,0,0,0,PIT
37,Cooper Rush,QB,2022,38,63.0,162,94,1051,5,3,0,9,6,0,0,0,0,0,0,0,0,63.0,63.0,0,0,0,0,0,0,0,0,0,0,0,0,0,0,0,DAL
38,Joe Flacco,QB,2022,39,60.0,191,110,1051,5,3,0,3,6,0,0,0,-3,0,0,4,0,60.0,60.0,0,0,0,0,0,0,0,0,0,0,0,0,0,0,0,NYJ
39,Mike White,QB,2022,40,60.0,175,103,1192,3,4,0,6,9,1,0,0,0,0,0,1,0,60.0,60.0,0,0,0,0,0,0,0,0,0,0,0,0,0,0,0,NYJ
40,Bailey Zappe,QB,2022,41,51.0,92,65,781,5,3,0,10,0,0,0,1,-6,0,0,3,0,51.5,52.0,0,0,0,0,0,0,0,0,0,0,0,0,0,0,0,NE
41,Tyler Huntley,QB,2022,42,50.0,112,75,658,2,3,0,43,137,1,1,0,0,0,0,0,0,50.0,50.0,0,0,0,0,0,0,0,0,0,0,0,0,0,0,0,BAL
42,Jarrett Stidham,QB,2022,43,49.0,83,53,656,4,3,0,14,84,0,0,0,0,0,0,1,0,49.0,49.0,0,0,0,0,0,0,0,0,0,0,0,0,0,0,0,LV
43,Jameis Winston,QB,2022,44,49.0,115,73,858,4,5,1,5,16,0,0,0,0,0,0,0,0,49.0,49.0,0,0,0,0,0,0,0,0,0,0,0,0,0,0,0,NO
44,Teddy Bridgewater,QB,2022,45,44.0,79,49,683,4,4,0,3,27,0,0,0,0,0,0,0,0,44.0,44.0,0,0,0,0,0,0,0,0,0,0,0,0,0,0,0,MIA
45,Phillip Walker,QB,2022,46,42.0,106,63,731,3,3,0,6,39,0,0,0,0,0,0,0,0,42.0,42.0,0,0,0,0,0,0,0,0,0,0,0,0,0,0,0,CAR
46,Gardner Minshew,QB,2022,47,41.0,76,44,663,3,3,0,7,3,1,0,0,0,0,0,1,0,41.0,41.0,0,0,0,0,0,0,0,0,0,0,0,0,0,0,0,PHI
47,Sam Ehlinger,QB,2022,48,40.0,101,64,573,3,3,0,17,87,0,0,0,0,0,0,1,0,40.0,40.0,0,0,0,0,0,0,0,0,0,0,0,0,0,0,0,IND
48,Desmond Ridder,QB,2022,49,38.0,115,73,708,2,0,0,16,64,0,0,0,0,0,0,2,0,38.0,38.0,0,0,0,0,0,0,0,0,0,0,0,0,0,0,0,ATL
49,Colt McCoy,QB,2022,50,31.0,132,90,780,1,3,0,14,36,0,0,0,0,0,0,0,0,31.0,31.0,0,0,0,0,0,0,0,0,0,0,0,0,0,0,0,ARI
50,Joshua Dobbs,QB,2022,51,26.0,68,40,411,2,2,0,8,44,0,0,0,0,0,0,2,0,26.0,26.0,0,0,0,0,0,0,0,0,0,0,0,0,0,0,0,TEN
51,David Blough,QB,2022,52,22.0,58,38,402,2,2,0,4,5,0,0,0,0,0,0,1,0,22.0,22.0,0,0,0,0,0,0,0,0,0,0,0,0,0,0,0,ARI
52,Davis Webb,QB,2022,53,22.0,40,23,168,1,0,0,6,41,1,0,0,0,0,0,0,0,22.0,22.0,0,0,0,0,0,0,0,0,0,0,0,0,0,0,0,NYG
53,Kyle Allen,QB,2022,54,20.0,78,46,416,2,4,0,6,13,0,0,0,0,0,0,1,0,20.0,20.0,0,0,0,0,0,0,0,0,0,0,0,0,0,0,0,HOU
54,Brett Rypien,QB,2022,55,20.0,88,53,483,2,4,0,6,7,0,0,0,0,0,0,1,0,20.0,20.0,0,0,0,0,0,0,0,0,0,0,0,0,0,0,0,DEN
55,Sam Howell,QB,2022,56,19.0,19,11,169,1,1,0,5,35,1,0,0,0,0,0,0,0,19.0,19.0,0,0,0,0,0,0,0,0,0,0,0,0,0,0,0,WAS
56,Skylar Thompson,QB,2022,57,17.0,105,60,534,1,3,0,14,21,0,0,0,0,0,0,2,0,17.0,17.0,0,0,0,0,0,0,0,0,0,0,0,0,0,0,0,MIA
57,Malik Willis,QB,2022,58,16.0,61,31,276,0,3,0,27,123,1,0,0,0,0,0,2,0,16.0,16.0,0,0,0,0,0,0,0,0,0,0,0,0,0,0,0,TEN
58,John Wolford,QB,2022,59,16.0,62,38,390,1,3,0,8,32,0,0,0,0,0,0,1,0,16.0,16.0,0,0,0,0,0,0,0,0,0,0,0,0,0,0,0,LA
59,Bryce Perkins,QB,2022,60,15.0,34,19,161,1,2,0,19,90,0,0,0,0,0,0,0,0,15.0,15.0,0,0,0,0,0,0,0,0,0,0,0,0,0,0,0,LA
60,Jeff Driskel,QB,2022,61,13.0,20,14,108,1,0,0,20,75,0,0,1,4,0,0,0,0,13.5,14.0,0,0,0,0,0,0,0,0,0,0,0,0,0,0,0,HOU
61,Tyrod Taylor,QB,2022,62,13.0,8,6,58,1,1,1,5,70,0,0,0,0,0,0,1,0,13.0,13.0,0,0,0,0,0,0,0,0,0,0,0,0,0,0,0,NYG
62,Jordan Love,QB,2022,63,12.0,21,14,195,1,0,0,1,-1,0,0,0,0,0,0,0,0,12.0,12.0,0,0,0,0,0,0,0,0,0,0,0,0,0,0,0,GB
63,Nick Mullens,QB,2022,64,12.0,25,21,224,1,1,0,4,8,0,0,0,0,0,0,0,0,12.0,12.0,0,0,0,0,0,0,0,0,0,0,0,0,0,0,0,MIN
64,Trey Lance,QB,2022,65,11.0,31,15,194,0,1,0,16,67,0,0,0,0,0,0,0,0,11.0,11.0,0,0,0,0,0,0,0,0,0,0,0,0,0,0,0,SF
65,Trevor Siemian,QB,2022,66,11.0,26,15,184,1,1,0,4,8,0,0,0,0,0,0,0,0,11.0,11.0,0,0,0,0,0,0,0,0,0,0,0,0,0,0,0,CHI
66,Chase Daniel,QB,2022,67,10.0,12,8,52,1,0,1,1,4,0,0,0,0,0,0,0,0,10.0,10.0,0,0,0,0,0,0,0,0,0,0,0,0,0,0,0,LAC
67,Nathan Peterman,QB,2022,68,9.0,25,14,139,1,1,0,2,7,0,0,0,0,0,0,0,0,9.0,9.0,0,0,0,0,0,0,0,0,0,0,0,0,0,0,0,CHI
68,Chris Streveler,QB,2022,69,8.0,15,10,90,0,0,0,9,54,0,0,0,0,0,0,0,0,8.0,8.0,0,0,0,0,0,0,0,0,0,0,0,0,0,0,0,NYJ
69,Blaine Gabbert,QB,2022,70,7.0,8,6,29,1,0,0,0,0,0,0,0,0,0,0,0,0,7.0,7.0,0,0,0,0,0,0,0,0,0,0,0,0,0,0,0,TB
70,Anthony Brown,QB,2022,71,6.0,49,22,302,0,2,0,3,-5,0,0,0,0,0,0,1,0,6.0,6.0,0,0,0,0,0,0,0,0,0,0,0,0,0,0,0,BAL
71,Trace McSorley,QB,2022,72,6.0,83,45,412,0,5,0,15,61,0,0,0,0,0,0,2,0,6.0,6.0,0,0,0,0,0,0,0,0,0,0,0,0,0,0,0,ARI
72,Brian Hoyer,QB,2022,73,1.0,6,5,37,0,0,0,0,0,0,0,0,0,0,0,0,0,1.0,1.0,0,0,0,0,0,0,0,0,0,0,0,0,0,0,0,NE
73,Brandon Allen,QB,2022,74,0.0,3,3,22,0,0,0,3,-1,0,0,0,0,0,0,0,0,0.0,0.0,0,0,0,0,0,0,0,0,0,0,0,0,0,0,0,CIN
74,Jacob Eason,QB,2022,75,0.0,5,3,59,0,1,0,0,0,0,0,0,0,0,0,0,0,0.0,0.0,0,0,0,0,0,0,0,0,0,0,0,0,0,0,0,CAR
75,Nick Foles,QB,2022,76,0.0,42,25,224,0,4,0,2,8,0,0,0,0,0,0,0,0,0.0,0.0,0,0,0,0,0,0,0,0,0,0,0,0,0,0,0,IND
76,Chad Henne,QB,2022,77,0.0,2,0,0,0,0,0,5,-5,0,0,0,0,0,0,0,0,0.0,0.0,0,0,0,0,0,0,0,0,0,0,0,0,0,0,0,KC
77,Josh Johnson,QB,2022,78,0.0,2,1,10,0,0,0,2,3,0,0,0,0,0,0,0,0,0.0,0.0,0,0,0,0,0,0,0,0,0,0,0,0,0,0,0,SF
78,Case Keenum,QB,2022,79,0.0,7,2,8,0,0,0,5,0,0,0,0,0,0,0,0,0,0.0,0.0,0,0,0,0,0,0,0,0,0,0,0,0,0,0,0,BUF
79,Nate Sudfeld,QB,2022,80,0.0,0,0,0,0,0,0,5,-4,0,0,0,0,0,0,0,0,0.0,0.0,0,0,0,0,0,0,0,0,0,0,0,0,0,0,0,DET
80,Kyle Trask,QB,2022,81,0.0,9,3,23,0,0,0,0,0,0,0,0,0,0,0,0,0,0.0,0.0,0,0,0,0,0,0,0,0,0,0,0,0,0,0,0,TB
81,C.J. Beathard,QB,2022,82,-1.0,11,7,35,0,1,0,4,-4,0,0,0,0,0,0,0,0,-1.0,-1.0,0,0,0,0,0,0,0,0,0,0,0,0,0,0,0,JAX
82,Tim Boyle,QB,2022,83,-3.0,8,2,33,0,2,0,2,-2,0,0,0,0,0,0,0,0,-3.0,-3.0,0,0,0,0,0,0,0,0,0,0,0,0,0,0,0,CHI
83,Austin Ekeler,RB,2022,1,358.0,0,0,0,0,0,0,204,915,13,0,107,722,5,0,3,0,411.5,465.0,0,0,0,0,0,0,0,0,0,0,0,0,0,0,0,LAC
84,Christian McCaffrey,RB,2022,2,341.0,1,1,34,1,0,0,244,1139,8,0,85,741,5,0,0,0,383.5,426.0,0,0,0,0,0,0,0,0,0,0,0,0,0,0,0,CLE
85,Josh Jacobs,RB,2022,3,312.0,0,0,0,0,0,0,340,1653,12,0,53,400,0,0,1,0,338.5,365.0,0,0,0,0,0,0,0,0,0,0,0,0,0,0,0,LV
86,Derrick Henry,RB,2022,4,293.0,2,2,4,1,0,0,349,1538,13,0,33,398,0,0,3,0,309.5,326.0,0,0,0,0,0,0,0,0,0,0,0,0,0,0,0,TEN
87,Saquon Barkley,RB,2022,5,271.0,0,0,0,0,0,0,295,1312,10,0,57,338,0,1,0,0,299.5,328.0,0,0,0,0,0,0,0,0,0,0,0,0,0,0,0,NYG
88,Nick Chubb,RB,2022,6,269.0,0,0,0,0,0,0,302,1525,12,1,27,239,1,0,1,0,282.5,296.0,0,0,0,0,0,0,0,0,0,0,0,0,0,0,0,CLE
89,Aaron Jones,RB,2022,7,237.0,0,0,0,0,0,0,213,1121,2,0,59,395,5,1,3,0,266.5,296.0,0,0,0,0,0,0,0,0,0,0,0,0,0,0,0,GB
90,Tony Pollard,RB,2022,8,237.0,0,0,0,0,0,0,193,1007,9,0,39,371,3,0,0,0,256.5,276.0,0,0,0,0,0,0,0,0,0,0,0,0,0,0,0,DAL
91,Rhamondre Stevenson,RB,2022,9,236.0,0,0,0,0,0,0,210,1040,5,0,69,421,1,0,1,0,270.5,305.0,0,0,0,0,0,0,0,0,0,0,0,0,0,0,0,NE
92,Joe Mixon,RB,2022,10,229.0,0,0,0,0,0,0,210,814,7,0,60,441,2,0,0,0,259.0,289.0,0,0,0,0,0,0,0,0,0,0,0,0,0,0,0,CIN
93,Dalvin Cook,RB,2022,11,227.0,0,0,0,0,0,0,264,1173,8,0,39,295,2,0,4,0,246.5,266.0,0,0,0,0,0,0,0,0,0,0,0,0,0,0,0,MIN
94,Jamaal Williams,RB,2022,12,217.0,0,0,0,0,0,0,262,1066,17,1,12,73,0,0,2,0,223.0,229.0,0,0,0,0,0,0,0,0,0,0,0,0,0,0,0,DET
95,Najee Harris,RB,2022,13,213.0,1,1,4,0,0,0,272,1034,7,0,41,229,3,0,2,0,233.5,254.0,0,0,0,0,0,0,0,0,0,0,0,0,0,0,0,PIT
96,Leonard Fournette,RB,2022,14,212.0,1,0,0,0,1,0,189,668,3,0,73,523,3,0,0,0,248.5,285.0,0,0,0,0,0,0,0,0,0,0,0,0,0,0,0,TB
97,Miles Sanders,RB,2022,15,209.0,0,0,0,0,0,0,259,1269,11,0,20,78,0,0,2,0,219.0,229.0,0,0,0,0,0,0,0,0,0,0,0,0,0,0,0,PHI
98,Alvin Kamara,RB,2022,16,202.0,0,0,0,0,0,0,223,897,2,0,57,490,2,0,4,0,230.5,259.0,0,0,0,0,0,0,0,0,0,0,0,0,0,0,0,NO
99,Travis Etienne,RB,2022,17,194.0,0,0,0,0,0,0,220,1125,5,1,35,316,0,0,3,0,211.5,229.0,0,0,0,0,0,0,0,0,0,0,0,0,0,0,0,JAX
100,Kenneth Walker,RB,2022,18,191.0,0,0,0,0,0,0,228,1050,9,0,27,165,0,0,0,0,204.5,218.0,0,0,0,0,0,0,0,0,0,0,0,0,0,0,0,SEA
101,James Conner,RB,2022,19,187.0,0,0,0,0,0,0,183,782,7,0,46,300,1,0,1,0,210.0,233.0,0,0,0,0,0,0,0,0,0,0,0,0,0,0,0,ARI
102,Jerick McKinnon,RB,2022,20,187.0,0,0,0,0,0,0,72,291,1,0,56,512,9,1,1,0,215.0,243.0,0,0,0,0,0,0,0,0,0,0,0,0,0,0,0,KC
103,D'Andre Swift,RB,2022,21,180.0,0,0,0,0,0,0,99,542,5,1,48,389,3,0,0,0,204.0,228.0,0,0,0,0,0,0,0,0,0,0,0,0,0,0,0,DET
104,Ezekiel Elliott,RB,2022,22,176.0,0,0,0,0,0,0,231,876,12,0,17,92,0,0,0,0,184.5,193.0,0,0,0,0,0,0,0,0,0,0,0,0,0,0,0,DAL
105,David Montgomery,RB,2022,23,168.0,0,0,0,0,0,0,201,801,5,0,34,316,1,0,2,0,185.0,202.0,0,0,0,0,0,0,0,0,0,0,0,0,0,0,0,CHI
106,Devin Singletary,RB,2022,24,165.0,0,0,0,0,0,0,177,819,5,0,38,280,1,0,3,0,184.0,203.0,0,0,0,0,0,0,0,0,0,0,0,0,0,0,0,BUF
107,Raheem Mostert,RB,2022,25,158.0,0,0,0,0,0,0,181,891,3,0,31,202,2,0,1,0,173.5,189.0,0,0,0,0,0,0,0,0,0,0,0,0,0,0,0,MIA
108,AJ Dillon,RB,2022,26,157.0,0,0,0,0,0,0,186,770,7,0,28,206,0,0,0,0,171.0,185.0,0,0,0,0,0,0,0,0,0,0,0,0,0,0,0,GB
109,Dameon Pierce,RB,2022,27,155.0,0,0,0,0,0,0,220,939,4,0,30,165,1,0,2,0,170.0,185.0,0,0,0,0,0,0,0,0,0,0,0,0,0,0,0,HOU
110,Tyler Allgeier,RB,2022,28,152.0,0,0,0,0,0,0,210,1035,3,1,16,139,1,0,0,0,160.0,168.0,0,0,0,0,0,0,0,0,0,0,0,0,0,0,0,ATL
111,Antonio Gibson,RB,2022,29,152.0,0,0,0,0,0,0,149,546,3,0,46,353,2,0,0,0,175.0,198.0,0,0,0,0,0,0,0,0,0,0,0,0,0,0,0,WAS
112,Jeffery Wilson,RB,2022,30,150.0,0,0,0,0,0,0,176,860,5,0,22,185,1,0,2,0,161.0,172.0,0,0,0,0,0,0,0,0,0,0,0,0,0,0,0,SF
113,Latavius Murray,RB,2022,31,144.0,0,0,0,0,0,0,171,760,6,1,27,132,0,0,0,0,157.5,171.0,0,0,0,0,0,0,0,0,0,0,0,0,0,0,0,MIN
114,Jonathan Taylor,RB,2022,32,142.0,0,0,0,0,0,0,192,861,4,0,28,143,0,0,3,0,156.0,170.0,0,0,0,0,0,0,0,0,0,0,0,0,0,0,0,IND
115,Cordarrelle Patterson,RB,2022,33,141.0,0,0,0,0,0,0,144,695,8,0,21,122,0,0,1,0,151.5,162.0,0,0,0,0,0,0,0,0,0,0,0,0,0,0,0,ATL
116,Cam Akers,RB,2022,34,136.0,0,0,0,0,0,0,188,786,7,0,13,117,0,0,2,0,142.5,149.0,0,0,0,0,0,0,0,0,0,0,0,0,0,0,0,LA
117,Samaje Perine,RB,2022,35,129.0,0,0,0,0,0,0,95,394,2,0,38,287,4,0,0,0,148.0,167.0,0,0,0,0,0,0,0,0,0,0,0,0,0,0,0,CIN
118,Rachaad White,RB,2022,36,128.0,0,0,0,0,0,0,129,481,1,0,50,290,2,0,3,0,153.0,178.0,0,0,0,0,0,0,0,0,0,0,0,0,0,0,0,TB
119,Isiah Pacheco,RB,2022,37,125.0,0,0,0,0,0,0,170,830,5,0,13,130,0,0,2,0,131.5,138.0,0,0,0,0,0,0,0,0,0,0,0,0,0,0,0,KC
120,D'Onta Foreman,RB,2022,38,122.0,0,0,0,0,0,0,203,914,5,1,5,26,0,0,0,0,124.5,127.0,0,0,0,0,0,0,0,0,0,0,0,0,0,0,0,CAR
121,Michael Carter,RB,2022,39,114.0,0,0,0,0,0,0,114,402,3,0,41,288,0,0,1,0,134.5,155.0,0,0,0,0,0,0,0,0,0,0,0,0,0,0,0,NYJ
122,Kareem Hunt,RB,2022,40,112.0,0,0,0,0,0,0,123,468,3,0,35,210,1,0,0,0,129.5,147.0,0,0,0,0,0,0,0,0,0,0,0,0,0,0,0,CLE
123,Breece Hall,RB,2022,41,111.0,0,0,0,0,0,0,80,463,4,0,19,218,1,0,1,0,120.5,130.0,0,0,0,0,0,0,0,0,0,0,0,0,0,0,0,NYJ
124,Khalil Herbert,RB,2022,42,111.0,0,0,0,0,0,0,129,731,4,0,9,57,1,0,0,0,115.5,120.0,0,0,0,0,0,0,0,0,0,0,0,0,0,0,0,CHI
125,Brian Robinson,RB,2022,43,106.0,0,0,0,0,0,0,205,797,2,0,9,60,1,0,0,0,110.5,115.0,0,0,0,0,0,0,0,0,0,0,0,0,0,0,0,WAS
126,James Cook,RB,2022,44,95.0,0,0,0,0,0,0,89,507,2,0,21,180,1,0,1,0,105.5,116.0,0,0,0,0,0,0,0,0,0,0,0,0,0,0,0,BUF
127,Kenyan Drake,RB,2022,45,94.0,0,0,0,0,0,0,109,482,4,0,17,89,1,0,0,0,102.5,111.0,0,0,0,0,0,0,0,0,0,0,0,0,0,0,0,BAL
128,Clyde Edwards-Helaire,RB,2022,46,93.0,0,0,0,0,0,0,71,302,3,0,17,151,3,0,0,0,101.5,110.0,0,0,0,0,0,0,0,0,0,0,0,0,0,0,0,KC
129,Damien Harris,RB,2022,47,82.0,0,0,0,0,0,0,106,462,3,0,17,97,0,0,0,0,90.5,99.0,0,0,0,0,0,0,0,0,0,0,0,0,0,0,0,NE
130,Chuba Hubbard,RB,2022,48,82.0,0,0,0,0,0,0,95,466,2,0,14,171,0,0,1,0,89.0,96.0,0,0,0,0,0,0,0,0,0,0,0,0,0,0,0,CAR
131,James Robinson,RB,2022,49,82.0,0,0,0,0,0,0,110,425,3,0,11,51,2,0,0,0,87.5,93.0,0,0,0,0,0,0,0,0,0,0,0,0,0,0,0,JAX
132,Eno Benjamin,RB,2022,50,80.0,0,0,0,0,0,0,77,313,2,1,25,193,0,0,0,0,92.5,105.0,0,0,0,0,0,0,0,0,0,0,0,0,0,0,0,KC
133,Jaylen Warren,RB,2022,51,80.0,0,0,0,0,0,0,77,379,1,0,28,214,0,0,0,0,94.0,108.0,0,0,0,0,0,0,0,0,0,0,0,0,0,0,0,PIT
134,Deon Jackson,RB,2022,52,79.0,0,0,0,0,0,0,68,236,1,0,30,209,1,0,1,0,94.0,109.0,0,0,0,0,0,0,0,0,0,0,0,0,0,0,0,IND
135,Melvin Gordon,RB,2022,53,78.0,0,0,0,0,0,0,90,318,2,0,25,223,0,0,2,0,90.5,103.0,0,0,0,0,0,0,0,0,0,0,0,0,0,0,0,DEN
136,J.K. Dobbins,RB,2022,54,77.0,0,0,0,0,0,0,92,520,2,0,7,42,1,0,0,0,80.5,84.0,0,0,0,0,0,0,0,0,0,0,0,0,0,0,0,BAL
137,Alexander Mattison,RB,2022,55,77.0,0,0,0,0,0,0,74,283,5,0,15,91,1,0,0,0,84.5,92.0,0,0,0,0,0,0,0,0,0,0,0,0,0,0,0,MIN
138,Kenny Gainwell,RB,2022,56,75.0,0,0,0,0,0,0,53,240,4,0,23,169,0,0,0,0,86.5,98.0,0,0,0,0,0,0,0,0,0,0,0,0,0,0,0,PHI
139,Dontrell Hilliard,RB,2022,57,71.0,0,0,0,0,0,0,22,145,0,0,21,177,4,0,0,0,81.5,92.0,0,0,0,0,0,0,0,0,0,0,0,0,0,0,0,TEN
140,Rex Burkhead,RB,2022,58,68.0,1,0,0,0,0,0,26,80,0,0,37,204,1,0,0,1,86.5,105.0,0,0,0,0,0,0,0,0,0,0,0,0,0,0,0,HOU
141,Darrell Henderson,RB,2022,59,66.0,0,0,0,0,0,0,70,283,3,0,17,102,0,0,0,0,74.5,83.0,0,0,0,0,0,0,0,0,0,0,0,0,0,0,0,BUF
142,Chase Edmonds,RB,2022,60,65.0,0,0,0,0,0,0,68,245,2,0,16,157,1,0,0,0,73.0,81.0,0,0,0,0,0,0,0,0,0,0,0,0,0,0,0,NE
143,JaMycal Hasty,RB,2022,61,63.0,0,0,0,0,0,0,46,194,2,0,20,126,1,0,0,0,73.0,83.0,0,0,0,0,0,0,0,0,0,0,0,0,0,0,0,JAX
144,Nyheim Hines,RB,2022,62,63.0,0,0,0,0,0,0,24,33,1,0,30,241,1,0,0,0,78.0,93.0,0,0,0,0,0,0,0,0,0,0,0,0,0,0,0,IND
145,Zack Moss,RB,2022,63,57.0,0,0,0,0,0,0,93,456,1,0,11,39,0,0,1,0,62.5,68.0,0,0,0,0,0,0,0,0,0,0,0,0,0,0,0,BUF
146,Gus Edwards,RB,2022,64,56.0,0,0,0,0,0,0,87,433,3,0,0,0,0,0,1,0,56.0,56.0,0,0,0,0,0,0,0,0,0,0,0,0,0,0,0,BAL
147,Joshua Kelley,RB,2022,65,55.0,0,0,0,0,0,0,69,287,2,0,14,101,0,0,0,0,62.0,69.0,0,0,0,0,0,0,0,0,0,0,0,0,0,0,0,LAC
148,Zonovan Knight,RB,2022,66,54.0,0,0,0,0,0,0,85,300,1,0,13,100,0,0,0,0,60.5,67.0,0,0,0,0,0,0,0,0,0,0,0,0,0,0,0,NYJ
149,J.D. McKissic,RB,2022,67,50.0,0,0,0,0,0,0,22,95,0,0,27,173,0,1,0,0,63.5,77.0,0,0,0,0,0,0,0,0,0,0,0,0,0,0,0,WAS
150,Rashaad Penny,RB,2022,68,49.0,0,0,0,0,0,0,57,346,2,0,4,16,0,0,0,0,51.0,53.0,0,0,0,0,0,0,0,0,0,0,0,0,0,0,0,SEA
151,Ameer Abdullah,RB,2022,69,47.0,0,0,0,0,0,0,4,20,0,0,25,211,1,0,0,0,59.5,72.0,0,0,0,0,0,0,0,0,0,0,0,0,0,0,0,LV
152,Matt Breida,RB,2022,70,47.0,0,0,0,0,0,0,54,220,1,0,20,118,0,0,0,0,57.0,67.0,0,0,0,0,0,0,0,0,0,0,0,0,0,0,0,NYG
153,Kyle Juszczyk,RB,2022,71,47.0,0,0,0,0,0,0,7,26,1,0,19,200,1,0,0,0,56.5,66.0,0,0,0,0,0,0,0,0,0,0,0,0,0,0,0,SF
154,Mark Ingram,RB,2022,72,46.0,0,0,0,0,0,0,62,233,1,1,16,68,0,0,2,0,54.0,62.0,0,0,0,0,0,0,0,0,0,0,0,0,0,0,0,NO
155,Justin Jackson,RB,2022,73,43.0,0,0,0,0,0,0,42,170,1,0,12,101,1,0,0,0,49.0,55.0,0,0,0,0,0,0,0,0,0,0,0,0,0,0,0,DET
156,Raheem Blackshear,RB,2022,74,42.0,0,0,0,0,0,0,23,77,3,0,10,93,0,0,1,0,47.0,52.0,0,0,0,0,0,0,0,0,0,0,0,0,0,0,0,CAR
157,Dare Ogunbowale,RB,2022,75,42.0,0,0,0,0,0,0,42,123,1,0,20,104,0,0,0,0,52.0,62.0,0,0,0,0,0,0,0,0,0,0,0,0,0,0,0,HOU
158,DeeJay Dallas,RB,2022,76,40.0,1,0,0,0,1,0,35,186,0,0,17,126,0,0,0,0,48.5,57.0,0,0,0,0,0,0,0,0,0,0,0,0,0,0,0,SEA
159,Caleb Huntley,RB,2022,77,40.0,0,0,0,0,0,0,76,366,1,0,2,3,0,0,0,0,41.0,42.0,0,0,0,0,0,0,0,0,0,0,0,0,0,0,0,ATL
160,Elijah Mitchell,RB,2022,78,40.0,0,0,0,0,0,0,45,279,2,0,3,7,0,0,0,0,41.5,43.0,0,0,0,0,0,0,0,0,0,0,0,0,0,0,0,SF
161,Javonte Williams,RB,2022,79,40.0,0,0,0,0,0,0,47,204,0,0,16,76,0,0,1,0,48.0,56.0,0,0,0,0,0,0,0,0,0,0,0,0,0,0,0,DEN
162,Boston Scott,RB,2022,80,39.0,0,0,0,0,0,0,54,217,3,0,5,15,0,0,0,0,41.5,44.0,0,0,0,0,0,0,0,0,0,0,0,0,0,0,0,PHI
163,Travis Homer,RB,2022,81,37.0,0,0,0,0,0,0,19,74,0,0,16,157,1,0,1,0,45.0,53.0,0,0,0,0,0,0,0,0,0,0,0,0,0,0,0,SEA
164,Ty Johnson,RB,2022,82,36.0,0,0,0,0,0,0,30,160,1,0,12,88,0,0,0,0,42.0,48.0,0,0,0,0,0,0,0,0,0,0,0,0,0,0,0,NYJ
165,Justice Hill,RB,2022,83,35.0,0,0,0,0,0,0,49,262,0,0,12,58,0,0,1,0,41.0,47.0,0,0,0,0,0,0,0,0,0,0,0,0,0,0,0,BAL
166,Alec Ingold,RB,2022,84,34.0,0,0,0,0,0,0,6,8,1,0,15,105,1,0,0,0,41.5,49.0,0,0,0,0,0,0,0,0,0,0,0,0,0,0,0,MIA
167,Marlon Mack,RB,2022,85,34.0,0,0,0,0,0,0,16,84,1,0,8,99,1,0,0,0,38.0,42.0,0,0,0,0,0,0,0,0,0,0,0,0,0,0,0,DEN
168,Malik Davis,RB,2022,86,29.0,0,0,0,0,0,0,38,161,1,0,6,63,0,0,0,0,32.0,35.0,0,0,0,0,0,0,0,0,0,0,0,0,0,0,0,DAL
169,Jordan Mason,RB,2022,87,28.0,0,0,0,0,0,0,43,258,1,0,0,0,0,0,0,0,28.0,28.0,0,0,0,0,0,0,0,0,0,0,0,0,0,0,0,SF
170,Avery Williams,RB,2022,88,28.0,0,0,0,0,0,0,22,109,1,0,13,61,0,0,1,0,34.5,41.0,0,0,0,0,0,0,0,0,0,0,0,0,0,0,0,ATL
171,C.J. Ham,RB,2022,89,27.0,0,0,0,0,0,0,4,7,2,0,10,86,0,0,0,0,32.0,37.0,0,0,0,0,0,0,0,0,0,0,0,0,0,0,0,MIN
172,Craig Reynolds,RB,2022,90,26.0,0,0,0,0,0,0,23,102,0,0,9,116,0,0,0,0,30.5,35.0,0,0,0,0,0,0,0,0,0,0,0,0,0,0,0,DET
173,Pierre Strong,RB,2022,91,26.0,0,0,0,0,0,0,10,100,1,0,7,42,0,0,0,0,29.5,33.0,0,0,0,0,0,0,0,0,0,0,0,0,0,0,0,NE
174,Gary Brightwell,RB,2022,92,25.0,0,0,0,0,0,0,31,141,1,0,5,39,0,0,0,0,27.5,30.0,0,0,0,0,0,0,0,0,0,0,0,0,0,0,0,NYG
175,Brandon Bolden,RB,2022,93,23.0,0,0,0,0,0,0,17,66,0,0,9,57,1,0,0,0,27.5,32.0,0,0,0,0,0,0,0,0,0,0,0,0,0,0,0,LV
176,Mike Boone,RB,2022,94,23.0,0,0,0,0,0,0,24,102,0,0,9,96,0,0,0,0,27.5,32.0,0,0,0,0,0,0,0,0,0,0,0,0,0,0,0,DEN
177,Kyren Williams,RB,2022,95,23.0,0,0,0,0,0,0,35,139,0,0,9,76,0,0,0,0,27.5,32.0,0,0,0,0,0,0,0,0,0,0,0,0,0,0,0,LA
178,Jonathan Williams,RB,2022,96,22.0,0,0,0,0,0,0,37,152,0,0,7,40,0,0,0,0,25.5,29.0,0,0,0,0,0,0,0,0,0,0,0,0,0,0,0,WAS
179,Tevin Coleman,RB,2022,97,21.0,0,0,0,0,0,0,12,26,1,0,3,44,1,0,0,0,22.5,24.0,0,0,0,0,0,0,0,0,0,0,0,0,0,0,0,SF
180,Hassan Haskins,RB,2022,98,21.0,0,0,0,0,0,0,25,93,0,0,11,57,0,0,0,0,26.5,32.0,0,0,0,0,0,0,0,0,0,0,0,0,0,0,0,TEN
181,Corey Clement,RB,2022,99,20.0,0,0,0,0,0,0,15,55,1,0,5,54,0,0,0,0,22.5,25.0,0,0,0,0,0,0,0,0,0,0,0,0,0,0,0,ARI
182,Malcolm Brown,RB,2022,100,19.0,0,0,0,0,0,0,18,81,1,0,5,37,0,0,0,0,21.5,24.0,0,0,0,0,0,0,0,0,0,0,0,0,0,0,0,LA
183,Reggie Gilliam,RB,2022,101,19.0,0,0,0,0,0,0,0,0,0,0,8,69,1,0,0,0,23.0,27.0,0,0,0,0,0,0,0,0,0,0,0,0,0,0,0,BUF
184,Sony Michel,RB,2022,102,19.0,0,0,0,0,0,0,36,106,0,0,9,53,0,0,0,0,23.5,28.0,0,0,0,0,0,0,0,0,0,0,0,0,0,0,0,LAC
185,Chris Myarick,RB,2022,103,18.0,0,0,0,0,0,0,0,0,0,0,7,65,1,0,0,0,21.5,25.0,0,0,0,0,0,0,0,0,0,0,0,0,0,0,0,NYG
186,Royce Freeman,RB,2022,104,17.0,0,0,0,0,0,0,41,117,0,0,6,33,0,0,1,0,20.0,23.0,0,0,0,0,0,0,0,0,0,0,0,0,0,0,0,HOU
187,Alexander Horvath,RB,2022,105,17.0,0,0,0,0,0,0,4,8,0,0,5,8,2,0,0,0,19.5,22.0,0,0,0,0,0,0,0,0,0,0,0,0,0,0,0,LAC
188,Benjamin Snell,RB,2022,106,17.0,0,0,0,0,0,0,20,90,1,0,2,17,0,0,0,0,18.0,19.0,0,0,0,0,0,0,0,0,0,0,0,0,0,0,0,PIT
189,Derek Watt,RB,2022,107,17.0,0,0,0,0,0,0,9,21,1,0,5,11,1,0,0,0,19.5,22.0,0,0,0,0,0,0,0,0,0,0,0,0,0,0,0,PIT
190,Patrick Ricard,RB,2022,108,16.0,0,0,0,0,0,0,7,16,0,0,11,74,0,0,0,0,21.5,27.0,0,0,0,0,0,0,0,0,0,0,0,0,0,0,0,BAL
191,Darrel Williams,RB,2022,109,16.0,0,0,0,0,0,0,21,102,1,0,4,9,0,0,0,0,18.0,20.0,0,0,0,0,0,0,0,0,0,0,0,0,0,0,0,ARI
192,Keaontay Ingram,RB,2022,110,14.0,0,0,0,0,0,0,27,60,1,0,4,21,0,0,0,0,16.0,18.0,0,0,0,0,0,0,0,0,0,0,0,0,0,0,0,ARI
193,Ronald Jones II,RB,2022,111,14.0,0,0,0,0,0,0,17,70,1,0,1,22,0,0,0,0,14.5,15.0,0,0,0,0,0,0,0,0,0,0,0,0,0,0,0,KC
194,Phillip Lindsay,RB,2022,112,13.0,0,0,0,0,0,0,15,49,0,1,6,19,0,0,0,0,16.0,19.0,0,0,0,0,0,0,0,0,0,0,0,0,0,0,0,IND
195,Salvon Ahmed,RB,2022,113,12.0,0,0,0,0,0,0,12,64,1,0,1,8,0,0,0,0,12.5,13.0,0,0,0,0,0,0,0,0,0,0,0,0,0,0,0,MIA
196,Jordan Wilkins,RB,2022,114,12.0,0,0,0,0,0,0,13,58,0,0,6,29,0,0,0,0,15.0,18.0,0,0,0,0,0,0,0,0,0,0,0,0,0,0,0,IND
197,Andrew Beck,RB,2022,115,11.0,0,0,0,0,0,0,2,0,0,0,5,69,0,0,0,0,13.5,16.0,0,0,0,0,0,0,0,0,0,0,0,0,0,0,0,DEN
198,Chris Evans,RB,2022,116,11.0,0,0,0,0,0,0,0,0,0,0,3,38,1,0,0,0,12.5,14.0,0,0,0,0,0,0,0,0,0,0,0,0,0,0,0,CIN
199,Tyler Badie,RB,2022,117,9.0,0,0,0,0,0,0,1,0,0,0,1,24,1,0,0,0,9.5,10.0,0,0,0,0,0,0,0,0,0,0,0,0,0,0,0,DEN
200,Darrynton Evans,RB,2022,118,9.0,0,0,0,0,0,0,14,64,0,0,1,33,0,0,0,0,9.5,10.0,0,0,0,0,0,0,0,0,0,0,0,0,0,0,0,CHI
201,Kevin Harris,RB,2022,119,9.0,0,0,0,0,0,0,18,52,1,0,0,0,0,0,0,0,9.0,9.0,0,0,0,0,0,0,0,0,0,0,0,0,0,0,0,NE
202,Ronnie Rivers,RB,2022,120,9.0,0,0,0,0,0,0,9,21,0,0,5,29,0,0,0,0,11.5,14.0,0,0,0,0,0,0,0,0,0,0,0,0,0,0,0,LA
203,Snoop Conner,RB,2022,121,8.0,0,0,0,0,0,0,12,42,1,0,0,0,0,0,0,0,8.0,8.0,0,0,0,0,0,0,0,0,0,0,0,0,0,0,0,JAX
204,Tyrion Davis-Price,RB,2022,122,8.0,0,0,0,0,0,0,34,99,0,0,0,0,0,0,0,0,8.0,8.0,0,0,0,0,0,0,0,0,0,0,0,0,0,0,0,SF
205,David Johnson,RB,2022,123,8.0,0,0,0,0,0,0,12,24,0,0,4,47,0,0,1,0,10.0,12.0,0,0,0,0,0,0,0,0,0,0,0,0,0,0,0,NO
206,Tony Jones,RB,2022,124,8.0,0,0,0,0,0,0,10,24,0,0,5,30,0,0,0,0,10.5,13.0,0,0,0,0,0,0,0,0,0,0,0,0,0,0,0,TB
207,Julius Chestnut,RB,2022,125,7.0,0,0,0,0,0,0,9,12,0,0,3,41,0,0,0,0,8.5,10.0,0,0,0,0,0,0,0,0,0,0,0,0,0,0,0,TEN
208,Myles Gaskin,RB,2022,126,7.0,0,0,0,0,0,0,10,26,0,0,4,28,0,0,0,0,9.0,11.0,0,0,0,0,0,0,0,0,0,0,0,0,0,0,0,MIA
209,Jaret Patterson,RB,2022,127,7.0,0,0,0,0,0,0,17,78,0,0,0,0,0,0,0,0,7.0,7.0,0,0,0,0,0,0,0,0,0,0,0,0,0,0,0,WAS
210,Isaiah Spiller,RB,2022,128,7.0,0,0,0,0,0,0,18,41,0,0,3,13,0,0,0,0,8.5,10.0,0,0,0,0,0,0,0,0,0,0,0,0,0,0,0,LAC
211,Ke'Shawn Vaughn,RB,2022,129,7.0,0,0,0,0,0,0,17,53,0,0,3,19,0,0,0,0,8.5,10.0,0,0,0,0,0,0,0,0,0,0,0,0,0,0,0,TB
212,Spencer Brown,RB,2022,130,6.0,0,0,0,0,0,0,9,43,0,0,2,10,0,0,0,0,7.0,8.0,0,0,0,0,0,0,0,0,0,0,0,0,0,0,0,CAR
213,Anthony McFarland,RB,2022,131,6.0,0,0,0,0,0,0,6,30,0,0,2,11,0,0,0,0,7.0,8.0,0,0,0,0,0,0,0,0,0,0,0,0,0,0,0,PIT
214,Trestan Ebner,RB,2022,132,5.0,0,0,0,0,0,0,24,54,0,0,2,8,0,0,1,0,6.0,7.0,0,0,0,0,0,0,0,0,0,0,0,0,0,0,0,CHI
215,Troy Hairston,RB,2022,133,5.0,0,0,0,0,0,0,0,0,0,0,5,19,0,0,0,0,7.5,10.0,0,0,0,0,0,0,0,0,0,0,0,0,0,0,0,HOU
216,Jakob Johnson,RB,2022,134,5.0,0,0,0,0,0,0,0,0,0,0,5,10,0,0,0,0,7.5,10.0,0,0,0,0,0,0,0,0,0,0,0,0,0,0,0,LV
217,Trayveon Williams,RB,2022,135,5.0,0,0,0,0,0,0,6,30,0,0,2,30,0,0,0,0,6.0,7.0,0,0,0,0,0,0,0,0,0,0,0,0,0,0,0,CIN
218,Giovani Bernard,RB,2022,136,4.0,0,0,0,0,0,0,8,28,0,0,2,-1,0,0,0,0,5.0,6.0,0,0,0,0,0,0,0,0,0,0,0,0,0,0,0,TB
219,D'Ernest Johnson,RB,2022,137,4.0,0,0,0,0,0,0,4,17,0,0,3,7,0,0,0,0,5.5,7.0,0,0,0,0,0,0,0,0,0,0,0,0,0,0,0,CLE
220,Kene Nwangwu,RB,2022,138,4.0,0,0,0,0,0,0,9,14,0,0,2,21,0,0,0,0,5.0,6.0,0,0,0,0,0,0,0,0,0,0,0,0,0,0,0,MIN
221,Larry Rountree,RB,2022,139,4.0,0,0,0,0,0,0,13,19,0,0,2,14,0,0,0,0,5.0,6.0,0,0,0,0,0,0,0,0,0,0,0,0,0,0,0,LAC
222,Patrick Taylor,RB,2022,140,4.0,0,0,0,0,0,0,10,31,0,0,1,17,0,0,0,0,4.5,5.0,0,0,0,0,0,0,0,0,0,0,0,0,0,0,0,GB
223,Jonathan Ward,RB,2022,141,4.0,0,0,0,0,0,0,5,25,0,0,2,7,0,0,0,0,5.0,6.0,0,0,0,0,0,0,0,0,0,0,0,0,0,0,0,TEN
224,Zamir White,RB,2022,142,4.0,0,0,0,0,0,0,17,70,0,0,0,0,0,0,0,0,4.0,4.0,0,0,0,0,0,0,0,0,0,0,0,0,0,0,0,LV
225,Mike Davis,RB,2022,143,3.0,0,0,0,0,0,0,8,18,0,0,2,4,0,0,0,0,4.0,5.0,0,0,0,0,0,0,0,0,0,0,0,0,0,0,0,BAL
226,Adam Prentice,RB,2022,144,3.0,0,0,0,0,0,0,4,9,0,0,3,9,0,0,0,0,4.5,6.0,0,0,0,0,0,0,0,0,0,0,0,0,0,0,0,NO
227,Dwayne Washington,RB,2022,145,3.0,0,0,0,0,0,0,11,38,0,0,1,7,0,0,0,0,3.5,4.0,0,0,0,0,0,0,0,0,0,0,0,0,0,0,0,NO
228,Michael Burton,RB,2022,146,2.0,0,0,0,0,0,0,5,7,0,0,2,11,0,0,0,0,3.0,4.0,0,0,0,0,0,0,0,0,0,0,0,0,0,0,0,KC
229,Ty Chandler,RB,2022,147,2.0,0,0,0,0,0,0,6,20,0,0,0,0,0,0,0,0,2.0,2.0,0,0,0,0,0,0,0,0,0,0,0,0,0,0,0,MIN
230,Demetric Felton,RB,2022,148,2.0,0,0,0,0,0,0,1,-4,0,0,2,8,0,0,0,0,3.0,4.0,0,0,0,0,0,0,0,0,0,0,0,0,0,0,0,CLE
231,Jason Cabinda,RB,2022,149,1.0,0,0,0,0,0,0,1,4,0,0,1,5,0,0,0,0,1.5,2.0,0,0,0,0,0,0,0,0,0,0,0,0,0,0,0,DET
232,Godwin Igwebuike,RB,2022,150,1.0,0,0,0,0,0,0,3,4,0,0,1,3,0,0,0,0,1.5,2.0,0,0,0,0,0,0,0,0,0,0,0,0,0,0,0,SEA
233,Devine Ozigbo,RB,2022,151,1.0,0,0,0,0,0,0,3,4,0,0,1,3,0,0,0,0,1.5,2.0,0,0,0,0,0,0,0,0,0,0,0,0,0,0,0,DEN
234,Trey Sermon,RB,2022,152,1.0,0,0,0,0,0,0,2,19,0,0,0,0,0,0,0,0,1.0,1.0,0,0,0,0,0,0,0,0,0,0,0,0,0,0,0,PHI
235,Keith Smith,RB,2022,153,1.0,0,0,0,0,0,0,1,2,0,0,1,8,0,0,0,0,1.5,2.0,0,0,0,0,0,0,0,0,0,0,0,0,0,0,0,ATL
236,J.J. Taylor,RB,2022,154,1.0,0,0,0,0,0,0,10,9,0,0,1,8,0,0,0,0,1.5,2.0,0,0,0,0,0,0,0,0,0,0,0,0,0,0,0,NE
237,Ty'Son Williams,RB,2022,155,1.0,0,0,0,0,0,0,0,0,0,0,1,5,0,0,0,0,1.5,2.0,0,0,0,0,0,0,0,0,0,0,0,0,0,0,0,ARI
238,Reggie Bonnafon,RB,2022,156,0.0,0,0,0,0,0,0,3,8,0,0,0,0,0,0,0,0,0.0,0.0,0,0,0,0,0,0,0,0,0,0,0,0,0,0,0,WAS
239,Jerome Ford,RB,2022,157,0.0,0,0,0,0,0,0,8,12,0,0,0,0,0,0,0,0,0.0,0.0,0,0,0,0,0,0,0,0,0,0,0,0,0,0,0,CLE
240,Kylin Hill,RB,2022,158,0.0,0,0,0,0,0,0,1,7,0,0,0,0,0,0,0,0,0.0,0.0,0,0,0,0,0,0,0,0,0,0,0,0,0,0,0,GB
241,Jordan Howard,RB,2022,159,0.0,0,0,0,0,0,0,1,1,0,0,0,0,0,0,0,0,0.0,0.0,0,0,0,0,0,0,0,0,0,0,0,0,0,0,0,NO
242,Duke Johnson,RB,2022,160,0.0,0,0,0,0,0,0,2,4,0,0,0,0,0,0,0,0,0.0,0.0,0,0,0,0,0,0,0,0,0,0,0,0,0,0,0,BUF
243,Damien Williams,RB,2022,161,0.0,0,0,0,0,0,0,2,2,0,0,0,0,0,0,0,0,0.0,0.0,0,0,0,0,0,0,0,0,0,0,0,0,0,0,0,ATL
244,Taiwan Jones,RB,2022,162,-1.0,0,0,0,0,0,0,0,0,0,0,0,0,0,0,1,0,-1.0,-1.0,0,0,0,0,0,0,0,0,0,0,0,0,0,0,0,BUF
245,Justin Jefferson,WR,2022,1,358.0,2,2,34,0,0,0,4,24,1,0,128,1809,8,1,0,0,422.0,486.0,0,0,0,0,0,0,0,0,0,0,0,0,0,0,0,MIN
246,Tyreek Hill,WR,2022,2,338.0,0,0,0,0,0,0,7,32,1,0,119,1710,7,0,0,1,397.5,457.0,0,0,0,0,0,0,0,0,0,0,0,0,0,0,0,MIA
247,Davante Adams,WR,2022,3,329.0,0,0,0,0,0,0,3,-1,0,0,100,1516,14,0,0,0,379.0,429.0,0,0,0,0,0,0,0,0,0,0,0,0,0,0,0,LV
248,Stefon Diggs,WR,2022,4,309.0,0,0,0,0,0,0,1,-3,0,0,108,1429,11,0,0,0,363.0,417.0,0,0,0,0,0,0,0,0,0,0,0,0,0,0,0,BUF
249,A.J. Brown,WR,2022,5,293.0,0,0,0,0,0,0,0,0,0,0,88,1496,11,0,2,0,337.0,381.0,0,0,0,0,0,0,0,0,0,0,0,0,0,0,0,PHI
250,CeeDee Lamb,WR,2022,6,293.0,0,0,0,0,0,0,10,47,0,0,107,1359,9,0,0,0,346.5,400.0,0,0,0,0,0,0,0,0,0,0,0,0,0,0,0,DAL
251,Amon-Ra St. Brown,WR,2022,7,255.0,0,0,0,0,0,0,9,95,0,0,106,1161,6,0,0,0,308.0,361.0,0,0,0,0,0,0,0,0,0,0,0,0,0,0,0,DET
252,Jaylen Waddle,WR,2022,8,249.0,0,0,0,0,0,0,3,26,0,0,75,1356,8,0,1,0,286.5,324.0,0,0,0,0,0,0,0,0,0,0,0,0,0,0,0,MIA
253,DeVonta Smith,WR,2022,9,248.0,0,0,0,0,0,0,0,0,0,0,95,1196,7,0,1,0,295.5,343.0,0,0,0,0,0,0,0,0,0,0,0,0,0,0,0,PHI
254,Amari Cooper,WR,2022,10,240.0,1,0,0,0,1,0,0,0,0,0,78,1160,9,0,0,0,279.0,318.0,0,0,0,0,0,0,0,0,0,0,0,0,0,0,0,CLE
255,Ja'Marr Chase,WR,2022,11,238.0,0,0,0,0,0,0,5,8,0,0,87,1046,9,0,2,0,281.5,325.0,0,0,0,0,0,0,0,0,0,0,0,0,0,0,0,CIN
256,Christian Kirk,WR,2022,12,235.0,1,0,0,0,0,0,5,11,0,0,84,1108,8,0,1,0,277.0,319.0,0,0,0,0,0,0,0,0,0,0,0,0,0,0,0,JAX
257,Tyler Lockett,WR,2022,13,231.0,0,0,0,0,0,0,0,0,0,0,84,1033,9,0,2,0,273.0,315.0,0,0,0,0,0,0,0,0,0,0,0,0,0,0,0,SEA
258,D.K. Metcalf,WR,2022,14,222.0,0,0,0,0,0,0,0,0,0,0,90,1048,6,0,2,0,267.0,312.0,0,0,0,0,0,0,0,0,0,0,0,0,0,0,0,SEA
259,Brandon Aiyuk,WR,2022,15,220.0,0,0,0,0,0,0,2,23,0,0,78,1015,8,0,1,0,259.0,298.0,0,0,0,0,0,0,0,0,0,0,0,0,0,0,0,SF
260,Mike Evans,WR,2022,16,220.0,0,0,0,0,0,0,0,0,0,0,77,1124,6,0,0,0,258.5,297.0,0,0,0,0,0,0,0,0,0,0,0,0,0,0,0,TB
261,Terry McLaurin,WR,2022,17,220.0,0,0,0,0,0,0,7,29,0,0,77,1191,5,0,0,0,258.5,297.0,0,0,0,0,0,0,0,0,0,0,0,0,0,0,0,WAS
262,Chris Godwin,WR,2022,18,219.0,0,0,0,0,0,0,3,5,0,0,104,1023,3,1,2,0,271.0,323.0,0,0,0,0,0,0,0,0,0,0,0,0,0,0,0,TB
263,Tee Higgins,WR,2022,19,214.0,0,0,0,0,0,0,0,0,0,0,74,1029,7,1,0,0,251.0,288.0,0,0,0,0,0,0,0,0,0,0,0,0,0,0,0,CIN
264,Michael Pittman,WR,2022,20,212.0,0,0,0,0,0,0,3,30,0,0,99,925,4,0,1,0,261.5,311.0,0,0,0,0,0,0,0,0,0,0,0,0,0,0,0,IND
265,Garrett Wilson,WR,2022,21,209.0,1,0,0,0,0,0,4,4,0,0,83,1103,4,0,1,0,250.5,292.0,0,0,0,0,0,0,0,0,0,0,0,0,0,0,0,NYJ
266,Jerry Jeudy,WR,2022,22,197.0,0,0,0,0,0,0,4,40,0,0,67,972,6,0,0,0,230.5,264.0,0,0,0,0,0,0,0,0,0,0,0,0,0,0,0,DEN
267,Cooper Kupp,WR,2022,23,197.0,1,0,0,0,0,0,9,52,1,0,75,812,6,0,1,0,234.5,272.0,0,0,0,0,0,0,0,0,0,0,0,0,0,0,0,LA
268,Chris Olave,WR,2022,24,196.0,0,0,0,0,0,0,0,0,0,0,72,1042,4,1,2,0,232.0,268.0,0,0,0,0,0,0,0,0,0,0,0,0,0,0,0,NO
269,Zay Jones,WR,2022,25,190.0,0,0,0,0,0,0,4,18,0,0,82,823,5,1,0,0,231.0,272.0,0,0,0,0,0,0,0,0,0,0,0,0,0,0,0,JAX
270,D.J. Moore,WR,2022,26,189.0,0,0,0,0,0,0,10,53,0,0,63,888,7,0,0,0,220.5,252.0,0,0,0,0,0,0,0,0,0,0,0,0,0,0,0,CAR
271,Jakobi Meyers,WR,2022,27,179.0,0,0,0,0,0,0,2,-11,0,0,67,804,6,1,2,0,212.5,246.0,0,0,0,0,0,0,0,0,0,0,0,0,0,0,0,NE
272,JuJu Smith-Schuster,WR,2022,28,179.0,0,0,0,0,0,0,0,0,0,0,78,933,3,0,2,0,218.0,257.0,0,0,0,0,0,0,0,0,0,0,0,0,0,0,0,KC
273,Drake London,WR,2022,29,174.0,0,0,0,0,0,0,0,0,0,0,72,866,4,1,3,0,210.0,246.0,0,0,0,0,0,0,0,0,0,0,0,0,0,0,0,ATL
274,Diontae Johnson,WR,2022,30,172.0,0,0,0,0,0,0,7,25,0,0,86,882,0,2,0,0,215.0,258.0,0,0,0,0,0,0,0,0,0,0,0,0,0,0,0,PIT
275,Adam Thielen,WR,2022,31,171.0,0,0,0,0,0,0,1,4,0,0,70,716,6,1,0,0,206.0,241.0,0,0,0,0,0,0,0,0,0,0,0,0,0,0,0,MIN
276,Mike Williams,WR,2022,32,171.0,0,0,0,0,0,0,0,0,0,0,63,895,4,0,0,0,202.5,234.0,0,0,0,0,0,0,0,0,0,0,0,0,0,0,0,LAC
277,Allen Lazard,WR,2022,33,167.0,0,0,0,0,0,0,2,0,0,0,60,788,6,0,0,0,197.0,227.0,0,0,0,0,0,0,0,0,0,0,0,0,0,0,0,GB
278,Curtis Samuel,WR,2022,34,166.0,0,0,0,0,0,0,38,187,1,0,64,656,4,0,1,0,198.0,230.0,0,0,0,0,0,0,0,0,0,0,0,0,0,0,0,WAS
279,Gabriel Davis,WR,2022,35,165.0,0,0,0,0,0,0,0,0,0,0,48,836,7,0,1,0,189.0,213.0,0,0,0,0,0,0,0,0,0,0,0,0,0,0,0,BUF
280,Josh Palmer,WR,2022,36,161.0,0,0,0,0,0,0,1,4,0,0,72,769,3,1,0,0,197.0,233.0,0,0,0,0,0,0,0,0,0,0,0,0,0,0,0,LAC
281,Deebo Samuel,WR,2022,37,161.0,0,0,0,0,0,0,42,232,3,0,56,632,2,0,2,0,189.0,217.0,0,0,0,0,0,0,0,0,0,0,0,0,0,0,0,SF
282,Keenan Allen,WR,2022,38,160.0,0,0,0,0,0,0,1,8,0,0,66,752,4,0,1,0,193.0,226.0,0,0,0,0,0,0,0,0,0,0,0,0,0,0,0,LAC
283,Tyler Boyd,WR,2022,39,160.0,1,1,23,0,0,0,0,0,0,0,58,762,5,1,0,0,189.0,218.0,0,0,0,0,0,0,0,0,0,0,0,0,0,0,0,CIN
284,George Pickens,WR,2022,40,159.0,0,0,0,0,0,0,3,24,1,0,52,801,4,1,0,0,185.0,211.0,0,0,0,0,0,0,0,0,0,0,0,0,0,0,0,PIT
285,Donovan Peoples-Jones,WR,2022,41,158.0,0,0,0,0,0,0,1,2,0,0,61,839,3,0,1,0,188.5,219.0,0,0,0,0,0,0,0,0,0,0,0,0,0,0,0,CLE
286,Christian Watson,WR,2022,42,155.0,0,0,0,0,0,0,7,80,2,0,41,611,7,0,0,0,175.5,196.0,0,0,0,0,0,0,0,0,0,0,0,0,0,0,0,GB
287,Courtland Sutton,WR,2022,43,154.0,0,0,0,0,0,0,1,5,0,0,64,829,2,0,0,0,186.0,218.0,0,0,0,0,0,0,0,0,0,0,0,0,0,0,0,DEN
288,Marquise Brown,WR,2022,44,149.0,0,0,0,0,0,0,1,1,0,0,67,709,3,0,0,0,182.5,216.0,0,0,0,0,0,0,0,0,0,0,0,0,0,0,0,ARI
289,DeAndre Hopkins,WR,2022,45,148.0,0,0,0,0,0,0,0,0,0,0,64,717,3,0,1,0,180.0,212.0,0,0,0,0,0,0,0,0,0,0,0,0,0,0,0,ARI
290,Mack Hollins,WR,2022,46,147.0,1,1,4,0,0,0,4,40,0,0,57,690,4,0,0,0,175.5,204.0,0,0,0,0,0,0,0,0,0,0,0,0,0,0,0,LV
291,K.J. Osborn,WR,2022,47,145.0,0,0,0,0,0,0,3,6,0,0,60,650,5,0,0,0,175.0,205.0,0,0,0,0,0,0,0,0,0,0,0,0,0,0,0,MIN
292,Parris Campbell,WR,2022,48,141.0,0,0,0,0,0,0,5,58,0,0,63,623,3,0,0,0,172.5,204.0,0,0,0,0,0,0,0,0,0,0,0,0,0,0,0,IND
293,Brandin Cooks,WR,2022,49,139.0,0,0,0,0,0,0,2,7,0,0,57,699,3,0,0,0,167.5,196.0,0,0,0,0,0,0,0,0,0,0,0,0,0,0,0,HOU
294,Richie James,WR,2022,50,129.0,0,0,0,0,0,0,2,6,0,0,57,569,4,0,3,0,157.5,186.0,0,0,0,0,0,0,0,0,0,0,0,0,0,0,0,NYG
295,Jahan Dotson,WR,2022,51,127.0,0,0,0,0,0,0,2,-7,0,0,35,523,7,1,0,0,144.5,162.0,0,0,0,0,0,0,0,0,0,0,0,0,0,0,0,WAS
296,Darius Slayton,WR,2022,52,123.0,0,0,0,0,0,0,0,0,0,0,46,724,2,0,1,0,146.0,169.0,0,0,0,0,0,0,0,0,0,0,0,0,0,0,0,NYG
297,Russell Gage,WR,2022,53,119.0,0,0,0,0,0,0,0,0,0,0,51,426,5,1,1,0,144.5,170.0,0,0,0,0,0,0,0,0,0,0,0,0,0,0,0,TB
298,Marquez Valdes-Scantling,WR,2022,54,117.0,0,0,0,0,0,0,1,-3,0,0,42,687,2,0,0,0,138.0,159.0,0,0,0,0,0,0,0,0,0,0,0,0,0,0,0,KC
299,Chris Moore,WR,2022,55,111.0,0,0,0,0,0,0,3,3,0,0,48,548,2,0,0,0,135.0,159.0,0,0,0,0,0,0,0,0,0,0,0,0,0,0,0,HOU
300,Noah Brown,WR,2022,56,110.0,0,0,0,0,0,0,0,0,0,0,43,555,3,0,1,0,131.5,153.0,0,0,0,0,0,0,0,0,0,0,0,0,0,0,0,DAL
301,Marvin Jones,WR,2022,57,110.0,0,0,0,0,0,0,0,0,0,0,46,529,3,0,0,0,133.0,156.0,0,0,0,0,0,0,0,0,0,0,0,0,0,0,0,JAX
302,DeAndre Carter,WR,2022,58,109.0,0,0,0,0,0,0,2,-15,0,0,46,538,3,0,2,0,132.0,155.0,0,0,0,0,0,0,0,0,0,0,0,0,0,0,0,LAC
303,Greg Dortch,WR,2022,59,109.0,0,0,0,0,0,0,7,44,0,0,52,467,2,0,1,0,135.0,161.0,0,0,0,0,0,0,0,0,0,0,0,0,0,0,0,ARI
304,Robert Woods,WR,2022,60,109.0,0,0,0,0,0,0,0,0,0,0,53,527,2,0,1,0,135.5,162.0,0,0,0,0,0,0,0,0,0,0,0,0,0,0,0,TEN
305,Isaiah McKenzie,WR,2022,61,108.0,0,0,0,0,0,0,9,55,1,0,42,423,4,0,0,0,129.0,150.0,0,0,0,0,0,0,0,0,0,0,0,0,0,0,0,BUF
306,Alec Pierce,WR,2022,62,107.0,0,0,0,0,0,0,0,0,0,0,41,593,2,0,0,0,127.5,148.0,0,0,0,0,0,0,0,0,0,0,0,0,0,0,0,IND
307,Devin Duvernay,WR,2022,63,103.0,0,0,0,0,0,0,12,84,1,0,37,407,3,0,0,0,121.5,140.0,0,0,0,0,0,0,0,0,0,0,0,0,0,0,0,BAL
308,Olamide Zaccheaus,WR,2022,64,103.0,0,0,0,0,0,0,2,7,0,0,40,533,3,0,1,0,123.0,143.0,0,0,0,0,0,0,0,0,0,0,0,0,0,0,0,ATL
309,Kalif Raymond,WR,2022,65,102.0,0,0,0,0,0,0,7,36,0,0,47,616,0,0,1,0,125.5,149.0,0,0,0,0,0,0,0,0,0,0,0,0,0,0,0,DET
310,Chase Claypool,WR,2022,66,100.0,1,1,1,1,0,0,9,59,0,0,46,451,1,0,1,0,123.0,146.0,0,0,0,0,0,0,0,0,0,0,0,0,0,0,0,PIT
311,Michael Gallup,WR,2022,67,100.0,0,0,0,0,0,0,0,0,0,0,39,424,4,0,0,0,119.5,139.0,0,0,0,0,0,0,0,0,0,0,0,0,0,0,0,DAL
312,Josh Reynolds,WR,2022,68,98.0,0,0,0,0,0,0,0,0,0,0,38,479,3,0,0,0,117.0,136.0,0,0,0,0,0,0,0,0,0,0,0,0,0,0,0,DET
313,Romeo Doubs,WR,2022,69,97.0,0,0,0,0,0,0,1,11,0,0,42,425,3,0,1,0,118.0,139.0,0,0,0,0,0,0,0,0,0,0,0,0,0,0,0,GB
314,Isaiah Hodgins,WR,2022,70,97.0,0,0,0,0,0,0,0,0,0,0,37,392,4,1,1,0,115.5,134.0,0,0,0,0,0,0,0,0,0,0,0,0,0,0,0,PIT
315,Darnell Mooney,WR,2022,71,97.0,0,0,0,0,0,0,1,2,0,0,40,493,2,0,0,0,117.0,137.0,0,0,0,0,0,0,0,0,0,0,0,0,0,0,0,CHI
316,DeVante Parker,WR,2022,72,97.0,0,0,0,0,0,0,0,0,0,0,31,539,3,0,0,0,112.5,128.0,0,0,0,0,0,0,0,0,0,0,0,0,0,0,0,NE
317,Demarcus Robinson,WR,2022,73,97.0,0,0,0,0,0,0,0,0,0,0,48,458,2,0,1,0,121.0,145.0,0,0,0,0,0,0,0,0,0,0,0,0,0,0,0,BAL
318,Rashid Shaheed,WR,2022,74,94.0,0,0,0,0,0,0,4,57,1,0,28,488,2,0,0,0,108.0,122.0,0,0,0,0,0,0,0,0,0,0,0,0,0,0,0,NO
319,D.J. Chark,WR,2022,75,93.0,0,0,0,0,0,0,0,0,0,0,30,502,3,0,0,0,108.0,123.0,0,0,0,0,0,0,0,0,0,0,0,0,0,0,0,DET
320,Nico Collins,WR,2022,76,92.0,0,0,0,0,0,0,0,0,0,0,37,481,2,0,0,0,110.5,129.0,0,0,0,0,0,0,0,0,0,0,0,0,0,0,0,HOU
321,Corey Davis,WR,2022,77,91.0,0,0,0,0,0,0,0,0,0,0,32,536,2,0,0,0,107.0,123.0,0,0,0,0,0,0,0,0,0,0,0,0,0,0,0,NYJ
322,Mecole Hardman,WR,2022,78,89.0,0,0,0,0,0,0,4,31,2,0,25,297,4,0,0,0,101.5,114.0,0,0,0,0,0,0,0,0,0,0,0,0,0,0,0,KC
323,Treylon Burks,WR,2022,79,88.0,0,0,0,0,0,0,4,47,0,0,33,444,1,0,0,1,104.5,121.0,0,0,0,0,0,0,0,0,0,0,0,0,0,0,0,TEN
324,Rondale Moore,WR,2022,80,86.0,0,0,0,0,0,0,6,-5,0,0,41,414,1,0,0,0,106.5,127.0,0,0,0,0,0,0,0,0,0,0,0,0,0,0,0,ARI
325,Marquise Goodwin,WR,2022,81,85.0,0,0,0,0,0,0,2,5,0,0,27,387,4,0,0,0,98.5,112.0,0,0,0,0,0,0,0,0,0,0,0,0,0,0,0,SEA
326,Elijah Moore,WR,2022,82,83.0,0,0,0,0,0,0,5,5,0,0,37,446,1,0,0,0,101.5,120.0,0,0,0,0,0,0,0,0,0,0,0,0,0,0,0,NYJ
327,Kendrick Bourne,WR,2022,83,81.0,0,0,0,0,0,0,6,39,0,0,35,434,1,0,0,0,98.5,116.0,0,0,0,0,0,0,0,0,0,0,0,0,0,0,0,NE
328,Allen Robinson,WR,2022,84,81.0,0,0,0,0,0,0,0,0,0,0,33,339,3,0,0,0,97.5,114.0,0,0,0,0,0,0,0,0,0,0,0,0,0,0,0,LA
329,Bennett Skowronek,WR,2022,85,79.0,0,0,0,0,0,0,1,17,1,0,39,376,0,0,0,0,98.5,118.0,0,0,0,0,0,0,0,0,0,0,0,0,0,0,0,LA
330,Quez Watkins,WR,2022,86,79.0,0,0,0,0,0,0,3,1,0,0,33,354,3,0,1,0,95.5,112.0,0,0,0,0,0,0,0,0,0,0,0,0,0,0,0,PHI
331,Terrace Marshall,WR,2022,87,78.0,0,0,0,0,0,0,0,0,0,0,28,490,1,0,0,0,92.0,106.0,0,0,0,0,0,0,0,0,0,0,0,0,0,0,0,CAR
332,Nick Westbrook,WR,2022,88,78.0,0,0,0,0,0,0,0,0,0,0,25,397,3,0,0,0,90.5,103.0,0,0,0,0,0,0,0,0,0,0,0,0,0,0,0,TEN
333,Jauan Jennings,WR,2022,89,77.0,0,0,0,0,0,0,0,0,0,0,35,416,1,0,0,0,94.5,112.0,0,0,0,0,0,0,0,0,0,0,0,0,0,0,0,SF
334,Randall Cobb,WR,2022,90,76.0,0,0,0,0,0,0,0,0,0,0,34,417,1,0,0,0,93.0,110.0,0,0,0,0,0,0,0,0,0,0,0,0,0,0,0,GB
335,Trent Sherfield,WR,2022,91,76.0,0,0,0,0,0,0,0,0,0,0,30,417,2,0,0,0,91.0,106.0,0,0,0,0,0,0,0,0,0,0,0,0,0,0,0,MIA
336,Hunter Renfrow,WR,2022,92,75.0,0,0,0,0,0,0,0,0,0,0,36,330,2,0,1,0,93.0,111.0,0,0,0,0,0,0,0,0,0,0,0,0,0,0,0,LV
337,Van Jefferson,WR,2022,93,74.0,0,0,0,0,0,0,0,0,0,0,24,369,3,0,0,0,86.0,98.0,0,0,0,0,0,0,0,0,0,0,0,0,0,0,0,LA
338,Nelson Agholor,WR,2022,94,73.0,0,0,0,0,0,0,0,0,0,0,31,362,2,0,2,0,88.5,104.0,0,0,0,0,0,0,0,0,0,0,0,0,0,0,0,NE
339,Laviska Shenault,WR,2022,95,65.0,0,0,0,0,0,0,9,65,1,0,27,272,1,0,0,0,78.5,92.0,0,0,0,0,0,0,0,0,0,0,0,0,0,0,0,CAR
340,Julio Jones,WR,2022,96,64.0,0,0,0,0,0,0,5,45,0,0,24,299,2,0,0,0,76.0,88.0,0,0,0,0,0,0,0,0,0,0,0,0,0,0,0,TB
341,Jamal Agnew,WR,2022,97,62.0,0,0,0,0,0,0,12,86,0,0,23,187,3,1,0,0,73.5,85.0,0,0,0,0,0,0,0,0,0,0,0,0,0,0,0,JAX
342,Chatarius Atwell,WR,2022,98,60.0,0,0,0,0,0,0,9,34,1,0,18,298,1,0,0,0,69.0,78.0,0,0,0,0,0,0,0,0,0,0,0,0,0,0,0,LA
343,Tyquan Thornton,WR,2022,99,60.0,0,0,0,0,0,0,3,16,1,0,22,247,2,0,0,0,71.0,82.0,0,0,0,0,0,0,0,0,0,0,0,0,0,0,0,NE
344,Trenton Irwin,WR,2022,100,59.0,0,0,0,0,0,0,1,11,0,0,15,231,4,0,0,0,66.5,74.0,0,0,0,0,0,0,0,0,0,0,0,0,0,0,0,CIN
345,Dante Pettis,WR,2022,101,59.0,0,0,0,0,0,0,2,37,0,0,19,245,3,0,0,0,68.5,78.0,0,0,0,0,0,0,0,0,0,0,0,0,0,0,0,CHI
346,A.J. Green,WR,2022,102,58.0,0,0,0,0,0,0,0,0,0,0,24,236,2,1,0,0,70.0,82.0,0,0,0,0,0,0,0,0,0,0,0,0,0,0,0,ARI
347,Shi Smith,WR,2022,103,58.0,0,0,0,0,0,0,0,0,0,0,22,296,2,0,1,0,69.0,80.0,0,0,0,0,0,0,0,0,0,0,0,0,0,0,0,CAR
348,Jarvis Landry,WR,2022,104,57.0,0,0,0,0,0,0,0,0,0,0,25,272,1,1,0,0,69.5,82.0,0,0,0,0,0,0,0,0,0,0,0,0,0,0,0,NO
349,Equanimeous St. Brown,WR,2022,105,57.0,0,0,0,0,0,0,6,54,0,0,21,323,1,0,0,0,67.5,78.0,0,0,0,0,0,0,0,0,0,0,0,0,0,0,0,CHI
350,Ray Ray McCloud,WR,2022,106,54.0,0,0,0,0,0,0,4,78,1,0,14,243,1,0,0,0,61.0,68.0,0,0,0,0,0,0,0,0,0,0,0,0,0,0,0,SF
351,Kadarius Toney,WR,2022,107,54.0,0,0,0,0,0,0,7,82,1,0,16,171,2,0,1,0,62.0,70.0,0,0,0,0,0,0,0,0,0,0,0,0,0,0,0,NYG
352,Justin Watson,WR,2022,108,54.0,0,0,0,0,0,0,0,0,0,0,15,315,2,0,0,0,61.5,69.0,0,0,0,0,0,0,0,0,0,0,0,0,0,0,0,KC
353,Braxton Berrios,WR,2022,109,52.0,1,1,2,1,0,0,9,91,2,0,18,145,0,0,0,0,61.0,70.0,0,0,0,0,0,0,0,0,0,0,0,0,0,0,0,NYJ
354,Robby Anderson,WR,2022,110,51.0,0,0,0,0,0,0,0,0,0,0,20,282,1,0,1,0,61.0,71.0,0,0,0,0,0,0,0,0,0,0,0,0,0,0,0,CLE
355,Rashod Bateman,WR,2022,111,51.0,0,0,0,0,0,0,0,0,0,0,15,285,2,0,1,0,58.5,66.0,0,0,0,0,0,0,0,0,0,0,0,0,0,0,0,BAL
356,Kendall Hinton,WR,2022,112,51.0,0,0,0,0,0,0,2,13,0,0,24,311,0,0,0,0,63.0,75.0,0,0,0,0,0,0,0,0,0,0,0,0,0,0,0,DEN
357,Wan'Dale Robinson,WR,2022,113,50.0,0,0,0,0,0,0,2,-1,0,0,23,227,1,0,0,0,61.5,73.0,0,0,0,0,0,0,0,0,0,0,0,0,0,0,0,NYG
358,Michael Thomas,WR,2022,114,49.0,0,0,0,0,0,0,0,0,0,0,16,171,3,0,0,0,57.0,65.0,0,0,0,0,0,0,0,0,0,0,0,0,0,0,0,NO
359,Damiere Byrd,WR,2022,115,48.0,0,0,0,0,0,0,0,0,0,0,13,268,2,0,0,0,54.5,61.0,0,0,0,0,0,0,0,0,0,0,0,0,0,0,0,ATL
360,Tre'Quan Smith,WR,2022,116,48.0,0,0,0,0,0,0,0,0,0,0,19,278,1,0,0,0,57.5,67.0,0,0,0,0,0,0,0,0,0,0,0,0,0,0,0,NO
361,Phillip Dorsett,WR,2022,117,46.0,1,0,0,0,0,0,0,0,0,0,20,257,1,0,0,0,56.0,66.0,0,0,0,0,0,0,0,0,0,0,0,0,0,0,0,HOU
362,Sammy Watkins,WR,2022,118,43.0,0,0,0,0,0,0,0,0,0,0,16,325,0,0,1,0,51.0,59.0,0,0,0,0,0,0,0,0,0,0,0,0,0,0,0,GB
363,Skyy Moore,WR,2022,119,42.0,0,0,0,0,0,0,3,24,0,0,22,250,0,0,3,0,53.0,64.0,0,0,0,0,0,0,0,0,0,0,0,0,0,0,0,KC
364,Brandon Powell,WR,2022,120,41.0,0,0,0,0,0,0,17,80,0,0,24,156,0,0,0,0,53.0,65.0,0,0,0,0,0,0,0,0,0,0,0,0,0,0,0,LA
365,David Bell,WR,2022,121,39.0,0,0,0,0,0,0,0,0,0,0,24,214,0,0,0,0,51.0,63.0,0,0,0,0,0,0,0,0,0,0,0,0,0,0,0,CLE
366,Ashton Dulin,WR,2022,122,37.0,0,0,0,0,0,0,2,8,0,0,15,207,1,0,0,0,44.5,52.0,0,0,0,0,0,0,0,0,0,0,0,0,0,0,0,IND
367,Khadarel Hodge,WR,2022,123,37.0,0,0,0,0,0,0,0,0,0,0,13,202,1,1,0,0,43.5,50.0,0,0,0,0,0,0,0,0,0,0,0,0,0,0,0,ATL
368,Scott Miller,WR,2022,124,37.0,0,0,0,0,0,0,1,8,0,0,23,185,0,0,0,0,48.5,60.0,0,0,0,0,0,0,0,0,0,0,0,0,0,0,0,TB
369,Amari Rodgers,WR,2022,125,37.0,0,0,0,0,0,0,2,7,0,0,16,204,1,0,2,0,45.0,53.0,0,0,0,0,0,0,0,0,0,0,0,0,0,0,0,NYJ
370,Marquez Callaway,WR,2022,126,35.0,0,0,0,0,0,0,0,0,0,0,16,158,1,0,0,0,43.0,51.0,0,0,0,0,0,0,0,0,0,0,0,0,0,0,0,NO
371,Byron Pringle,WR,2022,127,33.0,0,0,0,0,0,0,0,0,0,0,10,135,2,0,0,0,38.0,43.0,0,0,0,0,0,0,0,0,0,0,0,0,0,0,0,CHI
372,Sterling Shepard,WR,2022,128,33.0,0,0,0,0,0,0,0,0,0,0,13,154,1,0,0,0,39.5,46.0,0,0,0,0,0,0,0,0,0,0,0,0,0,0,0,NYG
373,Velus Jones,WR,2022,129,32.0,0,0,0,0,0,0,9,103,1,0,7,107,1,0,3,0,35.5,39.0,0,0,0,0,0,0,0,0,0,0,0,0,0,0,0,CHI
374,Jalen Nailor,WR,2022,130,31.0,0,0,0,0,0,0,0,0,0,0,9,179,1,0,0,0,35.5,40.0,0,0,0,0,0,0,0,0,0,0,0,0,0,0,0,MIN
375,Khalil Shakir,WR,2022,131,31.0,0,0,0,0,0,0,0,0,0,0,10,161,1,1,0,0,36.0,41.0,0,0,0,0,0,0,0,0,0,0,0,0,0,0,0,BUF
376,Dyami Brown,WR,2022,132,30.0,0,0,0,0,0,0,1,15,0,0,5,143,2,0,0,0,32.5,35.0,0,0,0,0,0,0,0,0,0,0,0,0,0,0,0,WAS
377,Zach Pascal,WR,2022,133,30.0,0,0,0,0,0,0,1,0,0,0,15,150,1,0,0,0,37.5,45.0,0,0,0,0,0,0,0,0,0,0,0,0,0,0,0,PHI
378,Keelan Cole,WR,2022,134,29.0,0,0,0,0,0,0,0,0,0,0,10,141,1,0,0,0,34.0,39.0,0,0,0,0,0,0,0,0,0,0,0,0,0,0,0,LV
379,River Cracraft,WR,2022,135,29.0,0,0,0,0,0,0,0,0,0,0,9,102,2,0,0,0,33.5,38.0,0,0,0,0,0,0,0,0,0,0,0,0,0,0,0,MIA
380,Denzel Mims,WR,2022,136,27.0,0,0,0,0,0,0,0,0,0,0,11,186,0,0,0,0,32.5,38.0,0,0,0,0,0,0,0,0,0,0,0,0,0,0,0,NYJ
381,Steven Sims,WR,2022,137,27.0,0,0,0,0,0,0,13,70,0,0,14,104,0,0,0,0,34.0,41.0,0,0,0,0,0,0,0,0,0,0,0,0,0,0,0,PIT
382,KJ Hamler,WR,2022,138,23.0,0,0,0,0,0,0,2,23,0,0,7,165,0,0,0,0,26.5,30.0,0,0,0,0,0,0,0,0,0,0,0,0,0,0,0,DEN
383,Breshad Perriman,WR,2022,139,23.0,0,0,0,0,0,0,2,-7,0,0,9,110,1,0,1,0,27.5,32.0,0,0,0,0,0,0,0,0,0,0,0,0,0,0,0,TB
384,Cedrick Wilson,WR,2022,140,23.0,0,0,0,0,0,0,1,8,0,0,12,136,0,0,0,0,29.0,35.0,0,0,0,0,0,0,0,0,0,0,0,0,0,0,0,MIA
385,DeSean Jackson,WR,2022,141,22.0,0,0,0,0,0,0,0,0,0,0,9,153,0,0,0,0,26.5,31.0,0,0,0,0,0,0,0,0,0,0,0,0,0,0,0,BAL
386,Jalen Reagor,WR,2022,142,22.0,0,0,0,0,0,0,4,25,0,0,8,104,1,0,0,0,26.0,30.0,0,0,0,0,0,0,0,0,0,0,0,0,0,0,0,MIN
387,N'Keal Harry,WR,2022,143,21.0,0,0,0,0,0,0,0,0,0,0,7,116,1,0,0,0,24.5,28.0,0,0,0,0,0,0,0,0,0,0,0,0,0,0,0,NE
388,Tom Kennedy,WR,2022,144,20.0,0,0,0,0,0,0,0,0,0,0,8,141,0,0,0,0,24.0,28.0,0,0,0,0,0,0,0,0,0,0,0,0,0,0,0,DET
389,Kenny Golladay,WR,2022,145,19.0,0,0,0,0,0,0,0,0,0,0,6,81,1,0,0,0,22.0,25.0,0,0,0,0,0,0,0,0,0,0,0,0,0,0,0,NYG
390,Jeff Smith,WR,2022,146,19.0,0,0,0,0,0,0,0,0,0,0,8,134,0,0,0,0,23.0,27.0,0,0,0,0,0,0,0,0,0,0,0,0,0,0,0,NYJ
391,T.Y. Hilton,WR,2022,147,18.0,0,0,0,0,0,0,0,0,0,0,7,121,0,0,0,0,21.5,25.0,0,0,0,0,0,0,0,0,0,0,0,0,0,0,0,DAL
392,David Sills,WR,2022,148,18.0,0,0,0,0,0,0,0,0,0,0,11,106,0,0,0,0,23.5,29.0,0,0,0,0,0,0,0,0,0,0,0,0,0,0,0,NYG
393,Michael Bandy,WR,2022,149,17.0,0,0,0,0,0,0,0,0,0,0,10,89,0,0,0,0,22.0,27.0,0,0,0,0,0,0,0,0,0,0,0,0,0,0,0,LAC
394,Marcus Johnson,WR,2022,150,17.0,0,0,0,0,0,0,0,0,0,0,9,99,0,0,0,0,21.5,26.0,0,0,0,0,0,0,0,0,0,0,0,0,0,0,0,NYG
395,Anthony Schwartz,WR,2022,151,17.0,0,0,0,0,0,0,4,57,1,0,4,51,0,0,1,0,19.0,21.0,0,0,0,0,0,0,0,0,0,0,0,0,0,0,0,CLE
396,Samori Toure,WR,2022,152,17.0,0,0,0,0,0,0,0,0,0,0,5,82,1,0,0,0,19.5,22.0,0,0,0,0,0,0,0,0,0,0,0,0,0,0,0,GB
397,Brandon Johnson,WR,2022,153,15.0,0,0,0,0,0,0,0,0,0,0,6,42,1,0,1,0,18.0,21.0,0,0,0,0,0,0,0,0,0,0,0,0,0,0,0,DEN
398,Jameson Williams,WR,2022,154,15.0,0,0,0,0,0,0,1,40,0,0,1,41,1,0,0,0,15.5,16.0,0,0,0,0,0,0,0,0,0,0,0,0,0,0,0,DET
399,Cam Sims,WR,2022,155,14.0,0,0,0,0,0,0,0,0,0,0,8,89,0,0,0,0,18.0,22.0,0,0,0,0,0,0,0,0,0,0,0,0,0,0,0,WAS
400,Dax Milne,WR,2022,156,13.0,0,0,0,0,0,0,0,0,0,0,6,37,1,0,0,0,16.0,19.0,0,0,0,0,0,0,0,0,0,0,0,0,0,0,0,WAS
401,Jalen Virgil,WR,2022,157,13.0,0,0,0,0,0,0,0,0,0,0,2,75,1,0,1,0,14.0,15.0,0,0,0,0,0,0,0,0,0,0,0,0,0,0,0,DEN
402,Kyle Philips,WR,2022,158,12.0,0,0,0,0,0,0,0,0,0,0,8,78,0,0,2,0,16.0,20.0,0,0,0,0,0,0,0,0,0,0,0,0,0,0,0,TEN
403,John Brown,WR,2022,159,11.0,0,0,0,0,0,0,0,0,0,0,1,42,1,0,0,0,11.5,12.0,0,0,0,0,0,0,0,0,0,0,0,0,0,0,0,BUF
404,D'Wayne Eskridge,WR,2022,160,11.0,0,0,0,0,0,0,2,10,0,0,7,58,0,0,0,0,14.5,18.0,0,0,0,0,0,0,0,0,0,0,0,0,0,0,0,SEA
405,Jake Kumerow,WR,2022,161,10.0,0,0,0,0,0,0,0,0,0,0,4,64,0,0,0,0,12.0,14.0,0,0,0,0,0,0,0,0,0,0,0,0,0,0,0,BUF
406,Ty Montgomery,WR,2022,162,10.0,0,0,0,0,0,0,2,-2,0,0,3,15,1,0,0,0,11.5,13.0,0,0,0,0,0,0,0,0,0,0,0,0,0,0,0,NE
407,James Proche,WR,2022,163,10.0,1,0,0,0,1,0,0,0,0,0,8,62,0,0,0,0,14.0,18.0,0,0,0,0,0,0,0,0,0,0,0,0,0,0,0,BAL
408,Freddie Swain,WR,2022,164,10.0,0,0,0,0,0,0,0,0,0,0,4,74,0,0,0,0,12.0,14.0,0,0,0,0,0,0,0,0,0,0,0,0,0,0,0,DEN
409,Trent Taylor,WR,2022,165,10.0,0,0,0,0,0,0,4,15,0,0,6,62,0,0,1,0,13.0,16.0,0,0,0,0,0,0,0,0,0,0,0,0,0,0,0,CIN
410,Andre Baccellia,WR,2022,166,9.0,0,0,0,0,0,0,0,0,0,0,7,45,0,0,0,0,12.5,16.0,0,0,0,0,0,0,0,0,0,0,0,0,0,0,0,ARI
411,Jamison Crowder,WR,2022,167,9.0,0,0,0,0,0,0,0,0,0,0,6,60,0,0,0,0,12.0,15.0,0,0,0,0,0,0,0,0,0,0,0,0,0,0,0,BUF
412,Laquon Treadwell,WR,2022,168,9.0,0,0,0,0,0,0,0,0,0,0,6,42,0,0,0,0,12.0,15.0,0,0,0,0,0,0,0,0,0,0,0,0,0,0,0,SEA
413,Kevin White,WR,2022,169,9.0,0,0,0,0,0,0,0,0,0,0,2,74,0,0,0,0,10.0,11.0,0,0,0,0,0,0,0,0,0,0,0,0,0,0,0,NO
414,Jalen Guyton,WR,2022,170,8.0,0,0,0,0,0,0,0,0,0,0,2,64,0,0,0,0,9.0,10.0,0,0,0,0,0,0,0,0,0,0,0,0,0,0,0,LAC
415,Cody Hollister,WR,2022,171,8.0,0,0,0,0,0,0,0,0,0,0,3,54,0,0,0,0,9.5,11.0,0,0,0,0,0,0,0,0,0,0,0,0,0,0,0,TEN
416,Gunner Olszewski,WR,2022,172,8.0,0,0,0,0,0,0,8,39,0,0,5,53,0,0,1,0,10.5,13.0,0,0,0,0,0,0,0,0,0,0,0,0,0,0,0,PIT
417,Mike Strachan,WR,2022,173,8.0,0,0,0,0,0,0,0,0,0,0,3,59,0,0,0,0,9.5,11.0,0,0,0,0,0,0,0,0,0,0,0,0,0,0,0,IND
418,Deven Thompkins,WR,2022,174,8.0,0,0,0,0,0,0,2,26,0,0,5,32,0,0,0,0,10.5,13.0,0,0,0,0,0,0,0,0,0,0,0,0,0,0,0,TB
419,Cole Beasley,WR,2022,175,7.0,0,0,0,0,0,0,0,0,0,0,6,35,0,0,0,0,10.0,13.0,0,0,0,0,0,0,0,0,0,0,0,0,0,0,0,GB
420,Chris Conley,WR,2022,176,7.0,0,0,0,0,0,0,0,0,0,0,4,46,0,0,0,0,9.0,11.0,0,0,0,0,0,0,0,0,0,0,0,0,0,0,0,TEN
421,Mike Thomas,WR,2022,177,7.0,0,0,0,0,0,0,0,0,0,0,2,38,0,1,0,0,8.0,9.0,0,0,0,0,0,0,0,0,0,0,0,0,0,0,0,PIT
422,Michael Woods,WR,2022,178,7.0,0,0,0,0,0,0,1,-5,0,0,5,45,0,0,0,0,9.5,12.0,0,0,0,0,0,0,0,0,0,0,0,0,0,0,0,CLE
423,Simi Fehoko,WR,2022,179,5.0,0,0,0,0,0,0,0,0,0,0,3,24,0,0,0,0,6.5,8.0,0,0,0,0,0,0,0,0,0,0,0,0,0,0,0,DAL
424,Tim Jones,WR,2022,180,5.0,0,0,0,0,0,0,0,0,0,0,3,30,0,0,0,0,6.5,8.0,0,0,0,0,0,0,0,0,0,0,0,0,0,0,0,JAX
425,Racey McMath,WR,2022,181,5.0,0,0,0,0,0,0,1,4,0,0,2,40,0,0,0,0,6.0,7.0,0,0,0,0,0,0,0,0,0,0,0,0,0,0,0,TEN
426,Tylan Wallace,WR,2022,182,5.0,0,0,0,0,0,0,0,0,0,0,4,33,0,0,0,0,7.0,9.0,0,0,0,0,0,0,0,0,0,0,0,0,0,0,0,BAL
427,Daylen Baldwin,WR,2022,183,4.0,0,0,0,0,0,0,0,0,0,0,2,25,0,0,0,0,5.0,6.0,0,0,0,0,0,0,0,0,0,0,0,0,0,0,0,CLE
428,Tyrie Cleveland,WR,2022,184,4.0,0,0,0,0,0,0,0,0,0,0,2,28,0,0,0,0,5.0,6.0,0,0,0,0,0,0,0,0,0,0,0,0,0,0,0,HOU
429,Jaelon Darden,WR,2022,185,4.0,0,0,0,0,0,0,1,2,0,0,2,26,0,0,0,0,5.0,6.0,0,0,0,0,0,0,0,0,0,0,0,0,0,0,0,TB
430,Bryan Edwards,WR,2022,186,4.0,0,0,0,0,0,0,0,0,0,0,3,15,0,0,0,0,5.5,7.0,0,0,0,0,0,0,0,0,0,0,0,0,0,0,0,ATL
431,Penny Hart,WR,2022,187,4.0,0,0,0,0,0,0,0,0,0,0,3,20,0,0,0,0,5.5,7.0,0,0,0,0,0,0,0,0,0,0,0,0,0,0,0,SEA
432,Andy Isabella,WR,2022,188,4.0,0,0,0,0,0,0,1,1,0,0,2,21,0,0,0,0,5.0,6.0,0,0,0,0,0,0,0,0,0,0,0,0,0,0,0,KC
433,Cade Johnson,WR,2022,189,4.0,0,0,0,0,0,0,0,0,0,0,2,21,0,0,0,0,5.0,6.0,0,0,0,0,0,0,0,0,0,0,0,0,0,0,0,SEA
434,Dezmon Patmon,WR,2022,190,4.0,0,0,0,0,0,0,0,0,0,0,2,24,0,0,0,0,5.0,6.0,0,0,0,0,0,0,0,0,0,0,0,0,0,0,0,IND
435,Montrell Washington,WR,2022,191,4.0,0,0,0,0,0,0,5,30,0,0,4,2,0,0,1,0,6.0,8.0,0,0,0,0,0,0,0,0,0,0,0,0,0,0,0,DEN
436,Dareke Young,WR,2022,192,4.0,0,0,0,0,0,0,0,0,0,0,2,24,0,0,0,0,5.0,6.0,0,0,0,0,0,0,0,0,0,0,0,0,0,0,0,SEA
437,Miles Boykin,WR,2022,193,3.0,0,0,0,0,0,0,0,0,0,0,2,11,0,0,0,0,4.0,5.0,0,0,0,0,0,0,0,0,0,0,0,0,0,0,0,PIT
438,Quintez Cephus,WR,2022,194,3.0,0,0,0,0,0,0,0,0,0,0,2,15,0,0,0,0,4.0,5.0,0,0,0,0,0,0,0,0,0,0,0,0,0,0,0,DET
439,Dennis Houston,WR,2022,195,3.0,0,0,0,0,0,0,0,0,0,0,2,16,0,0,0,0,4.0,5.0,0,0,0,0,0,0,0,0,0,0,0,0,0,0,0,DAL
440,Lil'Jordan Humphrey,WR,2022,196,3.0,0,0,0,0,0,0,0,0,0,0,2,20,0,0,0,0,4.0,5.0,0,0,0,0,0,0,0,0,0,0,0,0,0,0,0,NE
441,Keith Kirkwood,WR,2022,197,3.0,0,0,0,0,0,0,0,0,0,0,2,18,0,0,0,0,4.0,5.0,0,0,0,0,0,0,0,0,0,0,0,0,0,0,0,NO
442,Nsimba Webster,WR,2022,198,3.0,0,0,0,0,0,0,0,0,0,0,2,14,0,0,0,0,4.0,5.0,0,0,0,0,0,0,0,0,0,0,0,0,0,0,0,CHI
443,Pharoh Cooper,WR,2022,199,2.0,0,0,0,0,0,0,4,15,0,0,2,6,0,0,0,0,3.0,4.0,0,0,0,0,0,0,0,0,0,0,0,0,0,0,0,ARI
444,Keke Coutee,WR,2022,200,2.0,0,0,0,0,0,0,0,0,0,0,1,20,0,0,1,0,2.5,3.0,0,0,0,0,0,0,0,0,0,0,0,0,0,0,0,IND
445,Frank Darby,WR,2022,201,2.0,0,0,0,0,0,0,0,0,0,0,1,15,0,0,0,0,2.5,3.0,0,0,0,0,0,0,0,0,0,0,0,0,0,0,0,ATL
446,Danny Gray,WR,2022,202,2.0,0,0,0,0,0,0,1,9,0,0,1,10,0,0,0,0,2.5,3.0,0,0,0,0,0,0,0,0,0,0,0,0,0,0,0,SF
447,Braylon Sanders,WR,2022,203,2.0,0,0,0,0,0,0,0,0,0,0,2,17,0,0,1,0,3.0,4.0,0,0,0,0,0,0,0,0,0,0,0,0,0,0,0,MIA
448,Jalen Tolbert,WR,2022,204,2.0,0,0,0,0,0,0,0,0,0,0,2,12,0,0,0,0,3.0,4.0,0,0,0,0,0,0,0,0,0,0,0,0,0,0,0,DAL
449,Austin Trammell,WR,2022,205,2.0,0,0,0,0,0,0,0,0,0,0,2,13,0,0,0,0,3.0,4.0,0,0,0,0,0,0,0,0,0,0,0,0,0,0,0,LA
450,D.J. Turner,WR,2022,206,2.0,0,0,0,0,0,0,4,26,0,0,0,0,0,0,0,0,2.0,2.0,0,0,0,0,0,0,0,0,0,0,0,0,0,0,0,LV
451,Juwann Winfree,WR,2022,207,2.0,0,0,0,0,0,0,0,0,0,0,1,17,0,0,0,0,2.5,3.0,0,0,0,0,0,0,0,0,0,0,0,0,0,0,0,GB
452,Maurice Alexander,WR,2022,208,1.0,0,0,0,0,0,0,0,0,0,0,1,7,0,0,0,0,1.5,2.0,0,0,0,0,0,0,0,0,0,0,0,0,0,0,0,DET
453,C.J. Board,WR,2022,209,1.0,0,0,0,0,0,0,0,0,0,0,1,6,0,0,0,0,1.5,2.0,0,0,0,0,0,0,0,0,0,0,0,0,0,0,0,TEN
454,Jalen Camp,WR,2022,210,1.0,0,0,0,0,0,0,0,0,0,0,1,7,0,0,0,0,1.5,2.0,0,0,0,0,0,0,0,0,0,0,0,0,0,0,0,HOU
455,Erik Ezukanma,WR,2022,211,1.0,0,0,0,0,0,0,0,0,0,0,1,3,0,0,0,0,1.5,2.0,0,0,0,0,0,0,0,0,0,0,0,0,0,0,0,MIA
456,Deonte Harty,WR,2022,212,1.0,0,0,0,0,0,0,0,0,0,0,2,13,0,0,1,0,2.0,3.0,0,0,0,0,0,0,0,0,0,0,0,0,0,0,0,NO
457,Tyron Johnson,WR,2022,213,1.0,0,0,0,0,0,0,0,0,0,0,1,8,0,0,0,0,1.5,2.0,0,0,0,0,0,0,0,0,0,0,0,0,0,0,0,PHI
458,Mason Kinsey,WR,2022,214,1.0,0,0,0,0,0,0,0,0,0,0,1,3,0,0,0,0,1.5,2.0,0,0,0,0,0,0,0,0,0,0,0,0,0,0,0,TEN
459,Jason Moore,WR,2022,215,1.0,0,0,0,0,0,0,0,0,0,0,1,5,0,0,0,0,1.5,2.0,0,0,0,0,0,0,0,0,0,0,0,0,0,0,0,LAC
460,Ihmir Smith-Marsette,WR,2022,216,1.0,0,0,0,0,0,0,1,-1,0,0,1,15,0,0,1,0,1.5,2.0,0,0,0,0,0,0,0,0,0,0,0,0,0,0,0,CHI
461,Cody White,WR,2022,217,1.0,0,0,0,0,0,0,0,0,0,0,1,2,0,0,0,0,1.5,2.0,0,0,0,0,0,0,0,0,0,0,0,0,0,0,0,PIT
462,KaVontae Turpin,WR,2022,218,0.0,0,0,0,0,0,0,3,17,0,0,1,9,0,0,2,0,0.5,1.0,0,0,0,0,0,0,0,0,0,0,0,0,0,0,0,DAL
463,Chester Rogers,WR,2022,219,-1.0,0,0,0,0,0,0,0,0,0,0,0,0,0,0,1,0,-1.0,-1.0,0,0,0,0,0,0,0,0,0,0,0,0,0,0,0,CLE
464,Travis Kelce,TE,2022,1,309.0,0,0,0,0,0,0,2,5,0,0,110,1338,12,1,1,0,364.0,419.0,0,0,0,0,0,0,0,0,0,0,0,0,0,0,0,KC
465,T.J. Hockenson,TE,2022,2,207.0,0,0,0,0,0,0,0,0,0,0,86,914,6,2,1,0,250.0,293.0,0,0,0,0,0,0,0,0,0,0,0,0,0,0,0,PHI
466,George Kittle,TE,2022,3,194.0,0,0,0,0,0,0,0,0,0,0,60,765,11,0,1,0,224.0,254.0,0,0,0,0,0,0,0,0,0,0,0,0,0,0,0,SF
467,Mark Andrews,TE,2022,4,184.0,0,0,0,0,0,0,3,8,0,0,73,847,5,1,0,0,220.5,257.0,0,0,0,0,0,0,0,0,0,0,0,0,0,0,0,BAL
468,Evan Engram,TE,2022,5,168.0,0,0,0,0,0,0,2,13,0,0,73,766,4,1,0,0,204.5,241.0,0,0,0,0,0,0,0,0,0,0,0,0,0,0,0,JAX
469,Tyler Higbee,TE,2022,6,146.0,0,0,0,0,0,0,0,0,0,0,72,620,3,0,0,0,182.0,218.0,0,0,0,0,0,0,0,0,0,0,0,0,0,0,0,LA
470,Pat Freiermuth,TE,2022,7,141.0,0,0,0,0,0,0,0,0,0,0,63,732,2,0,0,0,172.5,204.0,0,0,0,0,0,0,0,0,0,0,0,0,0,0,0,PIT
471,Cole Kmet,TE,2022,8,140.0,0,0,0,0,0,0,2,9,0,0,50,544,7,0,0,0,165.0,190.0,0,0,0,0,0,0,0,0,0,0,0,0,0,0,0,CHI
472,Dallas Goedert,TE,2022,9,138.0,0,0,0,0,0,0,0,0,0,0,55,702,3,0,1,0,165.5,193.0,0,0,0,0,0,0,0,0,0,0,0,0,0,0,0,PHI
473,Dalton Schultz,TE,2022,10,138.0,0,0,0,0,0,0,0,0,0,0,57,577,5,0,1,0,166.5,195.0,0,0,0,0,0,0,0,0,0,0,0,0,0,0,0,DAL
474,Taysom Hill,TE,2022,11,136.0,19,13,240,2,0,0,96,575,7,0,9,77,2,0,0,0,140.5,145.0,0,0,0,0,0,0,0,0,0,0,0,0,0,0,0,NO
475,David Njoku,TE,2022,12,136.0,0,0,0,0,0,0,2,-8,0,0,58,628,4,0,1,0,165.0,194.0,0,0,0,0,0,0,0,0,0,0,0,0,0,0,0,CLE
476,Gerald Everett,TE,2022,13,133.0,0,0,0,0,0,0,1,0,0,0,58,555,4,1,0,0,162.0,191.0,0,0,0,0,0,0,0,0,0,0,0,0,0,0,0,LAC
477,Juwan Johnson,TE,2022,14,130.0,0,0,0,0,0,0,0,0,0,0,42,508,7,0,0,0,151.0,172.0,0,0,0,0,0,0,0,0,0,0,0,0,0,0,0,NO
478,Dawson Knox,TE,2022,15,130.0,0,0,0,0,0,0,0,0,0,0,48,517,6,0,0,0,154.0,178.0,0,0,0,0,0,0,0,0,0,0,0,0,0,0,0,BUF
479,Tyler Conklin,TE,2022,16,124.0,0,0,0,0,0,0,2,3,0,0,58,552,3,0,0,0,153.0,182.0,0,0,0,0,0,0,0,0,0,0,0,0,0,0,0,NYJ
480,Noah Fant,TE,2022,17,116.0,0,0,0,0,0,0,0,0,0,0,50,486,4,0,0,0,141.0,166.0,0,0,0,0,0,0,0,0,0,0,0,0,0,0,0,SEA
481,Jordan Akins,TE,2022,18,112.0,0,0,0,0,0,0,0,0,0,0,37,495,5,1,1,0,130.5,149.0,0,0,0,0,0,0,0,0,0,0,0,0,0,0,0,HOU
482,Zach Ertz,TE,2022,19,112.0,0,0,0,0,0,0,0,0,0,0,47,406,4,2,0,0,135.5,159.0,0,0,0,0,0,0,0,0,0,0,0,0,0,0,0,ARI
483,Robert Tonyan,TE,2022,20,105.0,0,0,0,0,0,0,0,0,0,0,53,470,2,0,0,0,131.5,158.0,0,0,0,0,0,0,0,0,0,0,0,0,0,0,0,GB
484,Hunter Henry,TE,2022,21,100.0,0,0,0,0,0,0,0,0,0,0,41,509,2,0,0,0,120.5,141.0,0,0,0,0,0,0,0,0,0,0,0,0,0,0,0,NE
485,Hayden Hurst,TE,2022,22,99.0,0,0,0,0,0,0,0,0,0,0,52,414,2,0,0,0,125.0,151.0,0,0,0,0,0,0,0,0,0,0,0,0,0,0,0,CIN
486,Mike Gesicki,TE,2022,23,92.0,0,0,0,0,0,0,0,0,0,0,32,362,5,0,0,0,108.0,124.0,0,0,0,0,0,0,0,0,0,0,0,0,0,0,0,MIA
487,Chigoziem Okonkwo,TE,2022,24,92.0,0,0,0,0,0,0,3,2,0,0,32,450,3,1,0,0,108.0,124.0,0,0,0,0,0,0,0,0,0,0,0,0,0,0,0,TEN
488,Austin Hooper,TE,2022,25,89.0,0,0,0,0,0,0,0,0,0,0,41,444,2,0,0,0,109.5,130.0,0,0,0,0,0,0,0,0,0,0,0,0,0,0,0,TEN
489,Isaiah Likely,TE,2022,26,86.0,0,0,0,0,0,0,0,0,0,0,36,373,3,0,0,0,104.0,122.0,0,0,0,0,0,0,0,0,0,0,0,0,0,0,0,BAL
490,Cade Otton,TE,2022,27,86.0,0,0,0,0,0,0,0,0,0,0,42,391,2,0,0,0,107.0,128.0,0,0,0,0,0,0,0,0,0,0,0,0,0,0,0,TB
491,Greg Dulcich,TE,2022,28,83.0,0,0,0,0,0,0,0,0,0,0,33,411,2,0,0,0,99.5,116.0,0,0,0,0,0,0,0,0,0,0,0,0,0,0,0,DEN
492,Foster Moreau,TE,2022,29,82.0,0,0,0,0,0,0,0,2,0,0,33,420,2,0,1,0,98.5,115.0,0,0,0,0,0,0,0,0,0,0,0,0,0,0,0,LV
493,Will Dissly,TE,2022,30,81.0,0,0,0,0,0,0,0,0,0,0,34,349,3,0,0,0,98.0,115.0,0,0,0,0,0,0,0,0,0,0,0,0,0,0,0,SEA
494,Darren Waller,TE,2022,31,81.0,0,0,0,0,0,0,0,0,0,0,28,388,3,0,0,0,95.0,109.0,0,0,0,0,0,0,0,0,0,0,0,0,0,0,0,LV
495,Daniel Bellinger,TE,2022,32,71.0,0,0,0,0,0,0,1,2,1,0,30,268,2,1,1,0,86.0,101.0,0,0,0,0,0,0,0,0,0,0,0,0,0,0,0,NYG
496,Logan Thomas,TE,2022,33,71.0,0,0,0,0,0,0,0,0,0,0,39,323,1,0,0,0,90.5,110.0,0,0,0,0,0,0,0,0,0,0,0,0,0,0,0,WAS
497,Kyle Pitts,TE,2022,34,69.0,0,0,0,0,0,0,0,0,0,0,28,356,2,0,0,0,83.0,97.0,0,0,0,0,0,0,0,0,0,0,0,0,0,0,0,ATL
498,Jelani Woods,TE,2022,35,68.0,0,0,0,0,0,0,0,0,0,0,25,312,3,0,0,0,80.5,93.0,0,0,0,0,0,0,0,0,0,0,0,0,0,0,0,IND
499,Noah Gray,TE,2022,36,64.0,0,0,0,0,0,0,1,1,1,0,28,299,1,0,0,0,78.0,92.0,0,0,0,0,0,0,0,0,0,0,0,0,0,0,0,KC
500,Colby Parkinson,TE,2022,37,63.0,0,0,0,0,0,0,0,0,0,0,25,322,2,0,0,0,75.5,88.0,0,0,0,0,0,0,0,0,0,0,0,0,0,0,0,SEA
501,Brock Wright,TE,2022,38,60.0,0,0,0,0,0,0,0,0,0,0,18,216,4,0,0,0,69.0,78.0,0,0,0,0,0,0,0,0,0,0,0,0,0,0,0,DET
502,Trey McBride,TE,2022,39,57.0,0,0,0,0,0,0,0,0,0,0,29,265,1,0,0,0,71.5,86.0,0,0,0,0,0,0,0,0,0,0,0,0,0,0,0,ARI
503,Kylen Granson,TE,2022,40,55.0,0,0,0,0,0,0,1,0,0,0,31,302,0,0,0,0,70.5,86.0,0,0,0,0,0,0,0,0,0,0,0,0,0,0,0,IND
504,Harrison Bryant,TE,2022,41,53.0,0,0,0,0,0,0,1,8,0,0,31,239,1,0,0,0,68.5,84.0,0,0,0,0,0,0,0,0,0,0,0,0,0,0,0,CLE
505,Irv Smith,TE,2022,42,52.0,0,0,0,0,0,0,0,0,0,0,25,182,2,0,0,0,64.5,77.0,0,0,0,0,0,0,0,0,0,0,0,0,0,0,0,MIN
506,C.J. Uzomah,TE,2022,43,51.0,0,0,0,0,0,0,0,0,0,0,21,232,2,0,0,0,61.5,72.0,0,0,0,0,0,0,0,0,0,0,0,0,0,0,0,NYJ
507,MyCole Pruitt,TE,2022,44,50.0,0,0,0,0,0,0,0,0,0,0,16,150,4,0,0,0,58.0,66.0,0,0,0,0,0,0,0,0,0,0,0,0,0,0,0,ATL
508,Mo Alie-Cox,TE,2022,45,49.0,0,0,0,0,0,0,0,0,0,0,19,189,3,0,1,0,58.5,68.0,0,0,0,0,0,0,0,0,0,0,0,0,0,0,0,IND
509,Jonnu Smith,TE,2022,46,49.0,0,0,0,0,0,0,1,5,0,0,27,245,0,0,0,0,62.5,76.0,0,0,0,0,0,0,0,0,0,0,0,0,0,0,0,NE
510,Tommy Tremble,TE,2022,47,49.0,0,0,0,0,0,0,0,0,0,0,19,174,3,0,1,0,58.5,68.0,0,0,0,0,0,0,0,0,0,0,0,0,0,0,0,CAR
511,Jake Ferguson,TE,2022,48,44.0,0,0,0,0,0,0,0,0,0,0,19,174,2,0,0,0,53.5,63.0,0,0,0,0,0,0,0,0,0,0,0,0,0,0,0,DAL
512,Peyton Hendershot,TE,2022,49,38.0,0,0,0,0,0,0,1,2,1,0,11,103,2,0,0,0,43.5,49.0,0,0,0,0,0,0,0,0,0,0,0,0,0,0,0,DAL
513,Adam Trautman,TE,2022,50,38.0,0,0,0,0,0,0,0,0,0,0,18,207,1,0,0,0,47.0,56.0,0,0,0,0,0,0,0,0,0,0,0,0,0,0,0,NO
514,Shane Zylstra,TE,2022,51,38.0,0,0,0,0,0,0,0,0,0,0,11,60,4,0,0,0,43.5,49.0,0,0,0,0,0,0,0,0,0,0,0,0,0,0,0,DET
515,Josh Oliver,TE,2022,52,37.0,0,0,0,0,0,0,0,0,0,0,14,149,2,0,0,0,44.0,51.0,0,0,0,0,0,0,0,0,0,0,0,0,0,0,0,BAL
516,Ian Thomas,TE,2022,53,36.0,0,0,0,0,0,0,0,0,0,0,21,197,0,0,0,0,46.5,57.0,0,0,0,0,0,0,0,0,0,0,0,0,0,0,0,CAR
517,Durham Smythe,TE,2022,54,35.0,0,0,0,0,0,0,2,1,1,0,15,129,1,0,0,0,42.5,50.0,0,0,0,0,0,0,0,0,0,0,0,0,0,0,0,MIA
518,John Mundt,TE,2022,55,34.0,0,0,0,0,0,0,0,0,0,0,19,140,1,0,0,0,43.5,53.0,0,0,0,0,0,0,0,0,0,0,0,0,0,0,0,MIN
519,Cameron Brate,TE,2022,56,33.0,0,0,0,0,0,0,0,0,0,0,20,174,0,0,0,0,43.0,53.0,0,0,0,0,0,0,0,0,0,0,0,0,0,0,0,TB
520,Eric Saubert,TE,2022,57,33.0,0,0,0,0,0,0,0,0,0,0,15,148,1,0,0,0,40.5,48.0,0,0,0,0,0,0,0,0,0,0,0,0,0,0,0,DEN
521,Mitchell Wilcox,TE,2022,58,33.0,0,0,0,0,0,0,0,0,0,0,17,139,1,0,0,0,41.5,50.0,0,0,0,0,0,0,0,0,0,0,0,0,0,0,0,CIN
522,O.J. Howard,TE,2022,59,32.0,0,0,0,0,0,0,0,0,0,0,10,145,2,0,0,0,37.0,42.0,0,0,0,0,0,0,0,0,0,0,0,0,0,0,0,HOU
523,Connor Heyward,TE,2022,60,31.0,0,0,0,0,0,0,2,27,0,0,12,151,1,0,0,0,37.0,43.0,0,0,0,0,0,0,0,0,0,0,0,0,0,0,0,PIT
524,Lawrence Cager,TE,2022,61,29.0,0,0,0,0,0,0,0,0,0,0,13,118,1,0,0,0,35.5,42.0,0,0,0,0,0,0,0,0,0,0,0,0,0,0,0,NYG
525,Zach Gentry,TE,2022,62,29.0,0,0,0,0,0,0,0,0,0,0,19,132,0,0,0,0,38.5,48.0,0,0,0,0,0,0,0,0,0,0,0,0,0,0,0,PIT
526,Teagan Quitoriano,TE,2022,63,29.0,0,0,0,0,0,0,0,0,0,0,7,113,2,0,0,0,32.5,36.0,0,0,0,0,0,0,0,0,0,0,0,0,0,0,0,HOU
527,Joe Fortson,TE,2022,64,28.0,0,0,0,0,0,0,0,0,0,0,9,108,2,0,1,0,32.5,37.0,0,0,0,0,0,0,0,0,0,0,0,0,0,0,0,KC
528,John Bates,TE,2022,65,27.0,0,0,0,0,0,0,0,0,0,0,14,108,1,0,0,0,34.0,41.0,0,0,0,0,0,0,0,0,0,0,0,0,0,0,0,WAS
529,Donald Parham,TE,2022,66,27.0,0,0,0,0,0,0,0,0,0,0,10,130,1,0,0,0,32.0,37.0,0,0,0,0,0,0,0,0,0,0,0,0,0,0,0,LAC
530,Eric Tomlinson,TE,2022,67,27.0,0,0,0,0,0,0,0,0,0,0,9,79,2,0,0,0,31.5,36.0,0,0,0,0,0,0,0,0,0,0,0,0,0,0,0,DEN
531,Marcedes Lewis,TE,2022,68,25.0,0,0,0,0,0,0,0,0,0,0,6,66,2,1,0,0,28.0,31.0,0,0,0,0,0,0,0,0,0,0,0,0,0,0,0,GB
532,James Mitchell,TE,2022,69,25.0,0,0,0,0,0,0,0,0,0,0,11,113,1,0,0,0,30.5,36.0,0,0,0,0,0,0,0,0,0,0,0,0,0,0,0,DET
533,Albert Okwuegbunam,TE,2022,70,24.0,0,0,0,0,0,0,0,0,0,0,10,95,1,0,0,0,29.0,34.0,0,0,0,0,0,0,0,0,0,0,0,0,0,0,0,DEN
534,Brevin Jordan,TE,2022,71,23.0,0,0,0,0,0,0,0,0,0,0,14,128,0,0,0,0,30.0,37.0,0,0,0,0,0,0,0,0,0,0,0,0,0,0,0,HOU
535,Pharaoh Brown,TE,2022,72,22.0,0,0,0,0,0,0,0,0,0,0,12,117,0,0,0,0,28.0,34.0,0,0,0,0,0,0,0,0,0,0,0,0,0,0,0,IND
536,Tanner Hudson,TE,2022,73,21.0,0,0,0,0,0,0,0,0,0,0,10,132,0,0,0,0,26.0,31.0,0,0,0,0,0,0,0,0,0,0,0,0,0,0,0,CAR
537,Jack Stoll,TE,2022,74,21.0,0,0,0,0,0,0,0,0,0,0,11,123,0,0,0,0,26.5,32.0,0,0,0,0,0,0,0,0,0,0,0,0,0,0,0,PHI
538,Josiah Deguara,TE,2022,75,20.0,0,0,0,0,0,0,0,0,0,0,13,114,0,0,0,0,26.5,33.0,0,0,0,0,0,0,0,0,0,0,0,0,0,0,0,GB
539,Geoff Swaim,TE,2022,76,20.0,0,0,0,0,0,0,0,0,0,0,12,58,1,0,0,0,26.0,32.0,0,0,0,0,0,0,0,0,0,0,0,0,0,0,0,TEN
540,Quintin Morris,TE,2022,77,19.0,0,0,0,0,0,0,0,0,0,0,8,84,1,0,1,0,23.0,27.0,0,0,0,0,0,0,0,0,0,0,0,0,0,0,0,BUF
541,Ross Dwelley,TE,2022,78,18.0,0,0,0,0,0,0,0,0,0,0,3,105,1,0,0,0,19.5,21.0,0,0,0,0,0,0,0,0,0,0,0,0,0,0,0,SF
542,Dan Arnold,TE,2022,79,17.0,0,0,0,0,0,0,0,0,0,0,9,135,0,0,0,0,21.5,26.0,0,0,0,0,0,0,0,0,0,0,0,0,0,0,0,JAX
543,Anthony Firkser,TE,2022,80,17.0,0,0,0,0,0,0,0,0,0,0,9,100,0,0,0,0,21.5,26.0,0,0,0,0,0,0,0,0,0,0,0,0,0,0,0,ATL
544,Ko Kieft,TE,2022,81,17.0,0,0,0,0,0,0,0,0,0,0,7,80,1,0,0,0,20.5,24.0,0,0,0,0,0,0,0,0,0,0,0,0,0,0,0,TB
545,Brycen Hopkins,TE,2022,82,16.0,0,0,0,0,0,0,0,0,0,0,7,109,0,0,0,0,19.5,23.0,0,0,0,0,0,0,0,0,0,0,0,0,0,0,0,LA
546,Tre' McKitty,TE,2022,83,15.0,0,0,0,0,0,0,0,0,0,0,10,72,0,0,0,0,20.0,25.0,0,0,0,0,0,0,0,0,0,0,0,0,0,0,0,LAC
547,Giovanni Ricci,TE,2022,84,15.0,0,0,0,0,0,0,0,0,0,0,8,100,0,0,0,0,19.0,23.0,0,0,0,0,0,0,0,0,0,0,0,0,0,0,0,CAR
548,Grant Calcaterra,TE,2022,85,12.0,0,0,0,0,0,0,0,0,0,0,5,81,0,0,0,0,14.5,17.0,0,0,0,0,0,0,0,0,0,0,0,0,0,0,0,PHI
549,Parker Hesse,TE,2022,86,12.0,0,0,0,0,0,0,0,0,0,0,9,89,0,0,0,0,16.5,21.0,0,0,0,0,0,0,0,0,0,0,0,0,0,0,0,ATL
550,Armani Rogers,TE,2022,87,12.0,0,0,0,0,0,0,2,26,0,0,5,64,0,0,0,0,14.5,17.0,0,0,0,0,0,0,0,0,0,0,0,0,0,0,0,WAS
551,Kyle Rudolph,TE,2022,88,10.0,0,0,0,0,0,0,0,0,0,0,3,28,1,0,0,0,11.5,13.0,0,0,0,0,0,0,0,0,0,0,0,0,0,0,0,TB
552,Blake Bell,TE,2022,89,9.0,0,0,0,0,0,0,0,0,0,0,2,20,1,0,0,0,10.0,11.0,0,0,0,0,0,0,0,0,0,0,0,0,0,0,0,KC
553,Chris Manhertz,TE,2022,90,9.0,0,0,0,0,0,0,0,0,0,0,6,42,0,0,0,0,12.0,15.0,0,0,0,0,0,0,0,0,0,0,0,0,0,0,0,JAX
554,Charlie Kolar,TE,2022,91,8.0,0,0,0,0,0,0,0,0,0,0,4,49,0,0,0,0,10.0,12.0,0,0,0,0,0,0,0,0,0,0,0,0,0,0,0,BAL
555,Nick Vannett,TE,2022,92,8.0,0,0,0,0,0,0,0,0,0,0,6,55,0,0,0,0,11.0,14.0,0,0,0,0,0,0,0,0,0,0,0,0,0,0,0,NO
556,Luke Farrell,TE,2022,93,7.0,0,0,0,0,0,0,0,0,0,0,4,40,0,0,0,0,9.0,11.0,0,0,0,0,0,0,0,0,0,0,0,0,0,0,0,JAX
557,Tyler Kroft,TE,2022,94,7.0,0,0,0,0,0,0,0,0,0,0,4,57,0,0,0,0,9.0,11.0,0,0,0,0,0,0,0,0,0,0,0,0,0,0,0,SF
558,Tyler Mabry,TE,2022,95,7.0,0,0,0,0,0,0,0,0,0,0,1,7,1,0,0,0,7.5,8.0,0,0,0,0,0,0,0,0,0,0,0,0,0,0,0,SEA
559,Tyler Davis,TE,2022,96,6.0,0,0,0,0,0,0,0,0,0,0,4,26,0,0,0,0,8.0,10.0,0,0,0,0,0,0,0,0,0,0,0,0,0,0,0,GB
560,Stephen Sullivan,TE,2022,97,6.0,0,0,0,0,0,0,0,0,0,0,2,46,0,0,0,0,7.0,8.0,0,0,0,0,0,0,0,0,0,0,0,0,0,0,0,CAR
561,Trevon Wesco,TE,2022,98,6.0,0,0,0,0,0,0,0,0,0,0,2,26,0,1,0,0,7.0,8.0,0,0,0,0,0,0,0,0,0,0,0,0,0,0,0,CHI
562,Ben Ellefson,TE,2022,99,5.0,0,0,0,0,0,0,0,0,0,0,3,26,0,0,0,0,6.5,8.0,0,0,0,0,0,0,0,0,0,0,0,0,0,0,0,MIN
563,Ryan Griffin,TE,2022,100,5.0,0,0,0,0,0,0,0,0,0,0,4,26,0,0,0,0,7.0,9.0,0,0,0,0,0,0,0,0,0,0,0,0,0,0,0,CHI
564,Kendall Blanton,TE,2022,101,4.0,0,0,0,0,0,0,0,0,0,0,2,35,0,0,0,0,5.0,6.0,0,0,0,0,0,0,0,0,0,0,0,0,0,0,0,LA
565,Jesper Horsted,TE,2022,102,4.0,0,0,0,0,0,0,0,0,0,0,3,19,0,0,0,0,5.5,7.0,0,0,0,0,0,0,0,0,0,0,0,0,0,0,0,LV
566,Stone Smartt,TE,2022,103,4.0,0,0,0,0,0,0,0,0,0,0,4,17,0,0,0,0,6.0,8.0,0,0,0,0,0,0,0,0,0,0,0,0,0,0,0,LAC
567,Cole Turner,TE,2022,104,4.0,0,0,0,0,0,0,0,0,0,0,2,23,0,0,0,0,5.0,6.0,0,0,0,0,0,0,0,0,0,0,0,0,0,0,0,WAS
568,Maxx Williams,TE,2022,105,4.0,0,0,0,0,0,0,0,0,0,0,3,18,0,0,0,0,5.5,7.0,0,0,0,0,0,0,0,0,0,0,0,0,0,0,0,ARI
569,Stephen Anderson,TE,2022,106,3.0,0,0,0,0,0,0,0,0,0,0,3,9,0,0,0,0,4.5,6.0,0,0,0,0,0,0,0,0,0,0,0,0,0,0,0,ARI
570,Sean McKeon,TE,2022,107,3.0,0,0,0,0,0,0,0,0,0,0,2,11,0,0,0,0,4.0,5.0,0,0,0,0,0,0,0,0,0,0,0,0,0,0,0,DAL
571,Devin Asiasi,TE,2022,108,2.0,0,0,0,0,0,0,0,0,0,0,2,5,0,0,0,0,3.0,4.0,0,0,0,0,0,0,0,0,0,0,0,0,0,0,0,CIN
572,Drew Sample,TE,2022,109,2.0,0,0,0,0,0,0,0,0,0,0,2,-2,0,0,0,0,3.0,4.0,0,0,0,0,0,0,0,0,0,0,0,0,0,0,0,CIN
573,Mason Schreck,TE,2022,110,2.0,0,0,0,0,0,0,0,0,0,0,2,6,0,0,0,0,3.0,4.0,0,0,0,0,0,0,0,0,0,0,0,0,0,0,0,HOU
574,Jacob Harris,TE,2022,111,1.0,0,0,0,0,0,0,0,0,0,0,1,6,0,0,0,0,1.5,2.0,0,0,0,0,0,0,0,0,0,0,0,0,0,0,0,LA
575,Richard Rodgers,TE,2022,112,1.0,0,0,0,0,0,0,0,0,0,0,1,4,0,0,0,0,1.5,2.0,0,0,0,0,0,0,0,0,0,0,0,0,0,0,0,LAC
576,Jeremy Ruckert,TE,2022,113,1.0,0,0,0,0,0,0,0,0,0,0,1,8,0,0,0,0,1.5,2.0,0,0,0,0,0,0,0,0,0,0,0,0,0,0,0,NYJ
577,Tommy Sweeney,TE,2022,114,1.0,0,0,0,0,0,0,0,0,0,0,1,7,0,0,0,0,1.5,2.0,0,0,0,0,0,0,0,0,0,0,0,0,0,0,0,BUF
578,Feleipe Franks,TE,2022,115,0.0,0,0,0,0,0,0,1,0,0,0,0,0,0,0,0,0,0.0,0.0,0,0,0,0,0,0,0,0,0,0,0,0,0,0,0,ATL
579,Justin Tucker,K,2022,0,160.0,0,0,0,0,0,0,0,0,0,0,0,0,0,0,0,0,0.0,0.0,32,31,43,37,9,0,0,0,0,0,0,0,0,0,0,BAL
580,Daniel Carlson,K,2022,1,159.0,0,0,0,0,0,0,0,0,0,0,0,0,0,0,0,0,0.0,0.0,36,35,37,34,11,0,0,0,0,0,0,0,0,0,0,LV
581,Brett Maher,K,2022,2,155.0,0,0,0,0,0,0,0,0,0,0,0,0,0,0,0,0,0.0,0.0,53,50,32,29,9,0,0,0,0,0,0,0,0,0,0,DAL
582,Jason Myers,K,2022,3,155.0,0,0,0,0,0,0,0,0,0,0,0,0,0,0,0,0,0.0,0.0,42,41,37,34,6,0,0,0,0,0,0,0,0,0,0,SEA
583,Younghoe Koo,K,2022,4,143.0,0,0,0,0,0,0,0,0,0,0,0,0,0,0,0,0,0.0,0.0,35,33,37,32,7,0,0,0,0,0,0,0,0,0,0,ATL
584,Nick Folk,K,2022,5,136.0,0,0,0,0,0,0,0,0,0,0,0,0,0,0,0,0,0.0,0.0,35,32,37,32,4,0,0,0,0,0,0,0,0,0,0,NE
585,Graham Gano,K,2022,6,135.0,0,0,0,0,0,0,0,0,0,0,0,0,0,0,0,0,0.0,0.0,34,32,32,29,8,0,0,0,0,0,0,0,0,0,0,NYG
586,Robbie Gould,K,2022,7,135.0,0,0,0,0,0,0,0,0,0,0,0,0,0,0,0,0,0.0,0.0,51,50,32,27,2,0,0,0,0,0,0,0,0,0,0,SF
587,Tyler Bass,K,2022,8,133.0,0,0,0,0,0,0,0,0,0,0,0,0,0,0,0,0,0.0,0.0,50,48,31,27,2,0,0,0,0,0,0,0,0,0,0,BUF
588,Eddy Pineiro,K,2022,9,133.0,0,0,0,0,0,0,0,0,0,0,0,0,0,0,0,0,0.0,0.0,32,30,35,33,2,0,0,0,0,0,0,0,0,0,0,CAR
589,Riley Patterson,K,2022,10,130.0,0,0,0,0,0,0,0,0,0,0,0,0,0,0,0,0,0.0,0.0,37,36,35,30,2,0,0,0,0,0,0,0,0,0,0,JAX
590,Greg Zuerlein,K,2022,11,130.0,0,0,0,0,0,0,0,0,0,0,0,0,0,0,0,0,0.0,0.0,29,28,37,30,6,0,0,0,0,0,0,0,0,0,0,NYJ
591,Matt Gay,K,2022,12,129.0,0,0,0,0,0,0,0,0,0,0,0,0,0,0,0,0,0.0,0.0,32,31,30,28,7,0,0,0,0,0,0,0,0,0,0,LA
592,Chase McLaughlin,K,2022,13,129.0,0,0,0,0,0,0,0,0,0,0,0,0,0,0,0,0,0.0,0.0,21,21,36,30,9,0,0,0,0,0,0,0,0,0,0,IND
593,Greg Joseph,K,2022,14,126.0,0,0,0,0,0,0,0,0,0,0,0,0,0,0,0,0,0.0,0.0,46,40,33,26,4,0,0,0,0,0,0,0,0,0,0,MIN
594,Brandon McManus,K,2022,15,125.0,0,0,0,0,0,0,0,0,0,0,0,0,0,0,0,0,0.0,0.0,27,25,36,28,8,0,0,0,0,0,0,0,0,0,0,DEN
595,Ka'imi Fairbairn,K,2022,16,123.0,0,0,0,0,0,0,0,0,0,0,0,0,0,0,0,0,0.0,0.0,24,24,31,29,6,0,0,0,0,0,0,0,0,0,0,HOU
596,Jason Sanders,K,2022,17,123.0,0,0,0,0,0,0,0,0,0,0,0,0,0,0,0,0,0.0,0.0,44,41,32,26,2,0,0,0,0,0,0,0,0,0,0,MIA
597,Evan McPherson,K,2022,18,122.0,0,0,0,0,0,0,0,0,0,0,0,0,0,0,0,0,0.0,0.0,44,40,29,24,5,0,0,0,0,0,0,0,0,0,0,CIN
598,Jake Elliott,K,2022,19,121.0,0,0,0,0,0,0,0,0,0,0,0,0,0,0,0,0,0.0,0.0,53,51,23,20,5,0,0,0,0,0,0,0,0,0,0,PHI
599,Ryan Succop,K,2022,20,121.0,0,0,0,0,0,0,0,0,0,0,0,0,0,0,0,0,0.0,0.0,25,24,38,31,2,0,0,0,0,0,0,0,0,0,0,TB
600,Cade York,K,2022,21,115.0,0,0,0,0,0,0,0,0,0,0,0,0,0,0,0,0,0.0,0.0,37,35,32,24,4,0,0,0,0,0,0,0,0,0,0,CLE
601,Mason Crosby,K,2022,22,114.0,0,0,0,0,0,0,0,0,0,0,0,0,0,0,0,0,0.0,0.0,39,37,29,25,1,0,0,0,0,0,0,0,0,0,0,GB
602,Wil Lutz,K,2022,23,110.0,0,0,0,0,0,0,0,0,0,0,0,0,0,0,0,0,0.0,0.0,33,33,31,23,4,0,0,0,0,0,0,0,0,0,0,NO
603,Michael Badgley,K,2022,24,109.0,0,0,0,0,0,0,0,0,0,0,0,0,0,0,0,0,0.0,0.0,33,33,28,24,2,0,0,0,0,0,0,0,0,0,0,CHI
604,Joey Slye,K,2022,25,107.0,0,0,0,0,0,0,0,0,0,0,0,0,0,0,0,0,0.0,0.0,28,24,30,25,4,0,0,0,0,0,0,0,0,0,0,WAS
605,Harrison Butker,K,2022,26,98.0,0,0,0,0,0,0,0,0,0,0,0,0,0,0,0,0,0.0,0.0,41,38,24,18,3,0,0,0,0,0,0,0,0,0,0,KC
606,Cairo Santos,K,2022,27,98.0,0,0,0,0,0,0,0,0,0,0,0,0,0,0,0,0,0.0,0.0,32,27,23,21,4,0,0,0,0,0,0,0,0,0,0,CHI
607,Matt Prater,K,2022,28,93.0,0,0,0,0,0,0,0,0,0,0,0,0,0,0,0,0,0.0,0.0,18,17,25,22,5,0,0,0,0,0,0,0,0,0,0,ARI
608,Chris Boswell,K,2022,29,92.0,0,0,0,0,0,0,0,0,0,0,0,0,0,0,0,0,0.0,0.0,18,18,28,20,7,0,0,0,0,0,0,0,0,0,0,PIT
609,Cameron Dicker,K,2022,30,87.0,0,0,0,0,0,0,0,0,0,0,0,0,0,0,0,0,0.0,0.0,24,24,22,21,0,0,0,0,0,0,0,0,0,0,0,PHI
610,Randy Bullock,K,2022,31,81.0,0,0,0,0,0,0,0,0,0,0,0,0,0,0,0,0,0.0,0.0,28,28,20,17,1,0,0,0,0,0,0,0,0,0,0,TEN
611,Matthew Wright,K,2022,32,64.0,0,0,0,0,0,0,0,0,0,0,0,0,0,0,0,0,0.0,0.0,15,15,18,15,2,0,0,0,0,0,0,0,0,0,0,KC
612,Dustin Hopkins,K,2022,33,39.0,0,0,0,0,0,0,0,0,0,0,0,0,0,0,0,0,0.0,0.0,12,12,10,9,0,0,0,0,0,0,0,0,0,0,0,LAC
613,Austin Seibert,K,2022,34,21.0,0,0,0,0,0,0,0,0,0,0,0,0,0,0,0,0,0.0,0.0,12,12,5,3,0,0,0,0,0,0,0,0,0,0,0,DET
614,Matt Ammendola,K,2022,35,20.0,0,0,0,0,0,0,0,0,0,0,0,0,0,0,0,0,0.0,0.0,7,5,7,5,0,0,0,0,0,0,0,0,0,0,0,LAC
615,Rodrigo Blankenship,K,2022,36,18.0,0,0,0,0,0,0,0,0,0,0,0,0,0,0,0,0,0.0,0.0,5,4,5,4,1,0,0,0,0,0,0,0,0,0,0,IND
616,Taylor Bertolet,K,2022,37,15.0,0,0,0,0,0,0,0,0,0,0,0,0,0,0,0,0,0.0,0.0,6,6,3,3,0,0,0,0,0,0,0,0,0,0,0,LAC
617,Caleb Shudak,K,2022,38,10.0,0,0,0,0,0,0,0,0,0,0,0,0,0,0,0,0,0.0,0.0,1,1,4,3,0,0,0,0,0,0,0,0,0,0,0,TEN
618,Tristan Vizcaino,K,2022,39,9.0,0,0,0,0,0,0,0,0,0,0,0,0,0,0,0,0,0.0,0.0,3,3,2,2,0,0,0,0,0,0,0,0,0,0,0,ARI
619,Nick Sciba,K,2022,40,7.0,0,0,0,0,0,0,0,0,0,0,0,0,0,0,0,0,0.0,0.0,1,1,2,2,0,0,0,0,0,0,0,0,0,0,0,PIT
620,Dominik Eberle,K,2022,41,5.0,0,0,0,0,0,0,0,0,0,0,0,0,0,0,0,0,0.0,0.0,4,2,1,1,0,0,0,0,0,0,0,0,0,0,0,DET
621,Josh Lambo,K,2022,42,3.0,0,0,0,0,0,0,0,0,0,0,0,0,0,0,0,0,0.0,0.0,4,3,0,0,0,0,0,0,0,0,0,0,0,0,0,TEN
622,New England Patriots,DST,2022,0,221.0,0,0,0,0,0,0,0,0,0,0,0,0,0,0,0,0,0.0,0.0,0,0,0,0,0,54.0,19,0,11,1,8,347,216.5,105.5,322.0,NE
623,Dallas Cowboys,DST,2022,1,206.0,0,0,0,0,0,0,0,0,0,0,0,0,0,0,0,0,0.0,0.0,0,0,0,0,0,54.0,16,0,17,2,3,342,200.9,129.3,330.2,DAL
624,San Francisco 49ers,DST,2022,2,205.0,0,0,0,0,0,0,0,0,0,0,0,0,0,0,0,0,0.0,0.0,0,0,0,0,0,44.0,20,0,10,0,3,277,222.9,77.7,300.6,SF
625,Philadelphia Eagles,DST,2022,3,194.0,0,0,0,0,0,0,0,0,0,0,0,0,0,0,0,0,0.0,0.0,0,0,0,0,0,70.0,17,0,10,0,2,344,179.8,121.6,301.5,PHI
626,Buffalo Bills,DST,2022,4,183.0,0,0,0,0,0,0,0,0,0,0,0,0,0,0,0,0,0.0,0.0,0,0,0,0,0,40.0,17,2,10,1,3,286,214.6,104.6,319.1,BUF
627,Baltimore Ravens,DST,2022,5,174.0,0,0,0,0,0,0,0,0,0,0,0,0,0,0,0,0,0.0,0.0,0,0,0,0,0,48.0,14,0,11,2,1,315,232.2,92.1,324.3,BAL
628,Jacksonville Jaguars,DST,2022,6,170.0,0,0,0,0,0,0,0,0,0,0,0,0,0,0,0,0,0.0,0.0,0,0,0,0,0,35.0,14,0,13,0,4,350,238.5,114.8,353.3,JAX
629,New York Jets,DST,2022,7,157.0,0,0,0,0,0,0,0,0,0,0,0,0,0,0,0,0,0.0,0.0,0,0,0,0,0,45.0,12,2,4,3,1,316,189.4,121.6,311.1,NYJ
630,Pittsburgh Steelers,DST,2022,8,156.0,0,0,0,0,0,0,0,0,0,0,0,0,0,0,0,0,0.0,0.0,0,0,0,0,0,40.0,20,0,3,3,1,346,222.3,108.1,330.4,PIT
631,Washington Commanders,DST,2022,9,155.0,0,0,0,0,0,0,0,0,0,0,0,0,0,0,0,0,0.0,0.0,0,0,0,0,0,43.0,9,1,9,1,3,343,191.3,113.3,304.6,WAS
632,Green Bay Packers,DST,2022,10,152.0,0,0,0,0,0,0,0,0,0,0,0,0,0,0,0,0,0.0,0.0,0,0,0,0,0,34.0,17,1,7,1,3,371,197.0,139.5,336.5,GB
633,Kansas City Chiefs,DST,2022,11,150.0,0,0,0,0,0,0,0,0,0,0,0,0,0,0,0,0,0.0,0.0,0,0,0,0,0,55.0,11,1,9,0,2,369,220.9,107.2,328.2,KC
634,Indianapolis Colts,DST,2022,12,150.0,0,0,0,0,0,0,0,0,0,0,0,0,0,0,0,0,0.0,0.0,0,0,0,0,0,44.0,10,0,11,3,3,427,209.9,124.1,334.0,IND
635,Seattle Seahawks,DST,2022,13,149.0,0,0,0,0,0,0,0,0,0,0,0,0,0,0,0,0,0.0,0.0,0,0,0,0,0,45.0,14,0,11,1,2,401,211.5,150.2,361.7,SEA
636,Carolina Panthers,DST,2022,14,146.0,0,0,0,0,0,0,0,0,0,0,0,0,0,0,0,0,0.0,0.0,0,0,0,0,0,35.0,10,0,7,5,3,374,227.5,122.6,350.2,CAR
637,New York Giants,DST,2022,15,145.0,0,0,0,0,0,0,0,0,0,0,0,0,0,0,0,0,0.0,0.0,0,0,0,0,0,41.0,6,0,13,2,2,371,214.0,144.2,358.2,NYG
638,Tampa Bay Buccaneers,DST,2022,16,145.0,0,0,0,0,0,0,0,0,0,0,0,0,0,0,0,0,0.0,0.0,0,0,0,0,0,45.0,10,0,10,1,1,358,203.6,120.7,324.3,TB
639,New Orleans Saints,DST,2022,17,145.0,0,0,0,0,0,0,0,0,0,0,0,0,0,0,0,0,0.0,0.0,0,0,0,0,0,48.0,7,0,7,1,1,345,184.4,130.5,314.8,NO
640,Cleveland Browns,DST,2022,18,144.0,0,0,0,0,0,0,0,0,0,0,0,0,0,0,0,0,0.0,0.0,0,0,0,0,0,34.0,11,0,9,1,4,381,196.2,135.0,331.2,CLE
641,Tennessee Titans,DST,2022,19,143.0,0,0,0,0,0,0,0,0,0,0,0,0,0,0,0,0,0.0,0.0,0,0,0,0,0,39.0,14,0,6,1,1,359,274.8,76.9,351.6,TEN
642,Denver Broncos,DST,2022,20,141.0,0,0,0,0,0,0,0,0,0,0,0,0,0,0,0,0,0.0,0.0,0,0,0,0,0,36.0,15,1,8,1,0,359,210.2,109.8,320.0,DEN
643,Los Angeles Chargers,DST,2022,21,140.0,0,0,0,0,0,0,0,0,0,0,0,0,0,0,0,0,0.0,0.0,0,0,0,0,0,40.0,14,1,10,1,1,384,200.4,145.8,346.1,LAC
644,Arizona Cardinals,DST,2022,22,140.0,0,0,0,0,0,0,0,0,0,0,0,0,0,0,0,0,0.0,0.0,0,0,0,0,0,36.0,11,0,9,1,5,449,230.3,118.6,348.9,ARI
645,Minnesota Vikings,DST,2022,23,136.0,0,0,0,0,0,0,0,0,0,0,0,0,0,0,0,0,0.0,0.0,0,0,0,0,0,38.0,15,0,10,3,2,427,265.6,123.1,388.7,MIN
646,Cincinnati Bengals,DST,2022,24,135.0,0,0,0,0,0,0,0,0,0,0,0,0,0,0,0,0,0.0,0.0,0,0,0,0,0,30.0,13,0,11,2,1,322,229.1,106.6,335.7,CIN
647,Miami Dolphins,DST,2022,25,134.0,0,0,0,0,0,0,0,0,0,0,0,0,0,0,0,0,0.0,0.0,0,0,0,0,0,40.0,8,1,6,2,3,399,234.8,103.0,337.8,MIA
648,Houston Texans,DST,2022,26,132.0,0,0,0,0,0,0,0,0,0,0,0,0,0,0,0,0,0.0,0.0,0,0,0,0,0,39.0,16,1,11,0,1,420,209.3,170.2,379.5,HOU
649,Detroit Lions,DST,2022,27,132.0,0,0,0,0,0,0,0,0,0,0,0,0,0,0,0,0,0.0,0.0,0,0,0,0,0,39.0,12,1,10,1,2,427,245.8,146.5,392.4,DET
650,Los Angeles Rams,DST,2022,28,128.0,0,0,0,0,0,0,0,0,0,0,0,0,0,0,0,0,0.0,0.0,0,0,0,0,0,38.0,16,0,6,1,1,384,226.0,115.1,341.1,LA
651,Atlanta Falcons,DST,2022,29,125.0,0,0,0,0,0,0,0,0,0,0,0,0,0,0,0,0,0.0,0.0,0,0,0,0,0,21.0,10,1,7,3,4,386,231.9,130.2,362.1,ATL
652,Las Vegas Raiders,DST,2022,30,105.0,0,0,0,0,0,0,0,0,0,0,0,0,0,0,0,0,0.0,0.0,0,0,0,0,0,27.0,6,0,7,2,3,418,242.9,122.8,365.6,LV
653,Chicago Bears,DST,2022,31,97.0,0,0,0,0,0,0,0,0,0,0,0,0,0,0,0,0,0.0,0.0,0,0,0,0,0,20.0,14,0,9,1,0,463,218.6,157.3,375.9,CHI
